Date,Open,High,Low,Close,Adj Close,Volume
2015-11-23,3.880000,3.896000,3.877000,3.895000,-49.025509,0
2015-11-24,3.890000,3.890000,3.890000,3.890000,-48.962570,0
2015-11-25,3.907000,3.916000,3.907000,3.916000,-49.289822,100
2015-11-26,4.000000,4.000000,4.000000,4.000000,-50.347115,0
2015-11-27,3.911000,3.911000,3.911000,3.911000,-49.226898,0
2015-11-30,3.862000,3.862000,3.862000,3.862000,-48.610138,0
2015-12-01,3.956000,3.956000,3.956000,3.956000,-49.793304,0
2015-12-02,4.032000,4.032000,4.032000,4.032000,-50.749889,0
2015-12-03,3.913000,3.913000,3.913000,3.913000,-49.252068,0
2015-12-04,3.800000,3.800000,3.800000,3.800000,-47.829758,0
2015-12-07,3.855000,3.855000,3.855000,3.855000,-48.522038,0
2015-12-08,3.895000,3.895000,3.887000,3.887000,-48.924809,0
2015-12-09,3.884000,3.884000,3.884000,3.884000,-48.887051,0
2015-12-10,3.865000,3.865000,3.865000,3.865000,-48.647900,0
2015-12-11,3.789000,3.808000,3.789000,3.808000,-47.930454,0
2015-12-14,3.735000,3.735000,3.735000,3.735000,-47.011612,0
2015-12-15,3.706000,3.706000,3.706000,3.706000,-46.646606,0
2015-12-16,3.763000,3.765000,3.763000,3.765000,-47.389229,0
2015-12-17,3.783000,3.787000,3.783000,3.787000,-47.666134,0
2015-12-18,3.763000,3.763000,3.763000,3.763000,-47.364044,0
2015-12-21,3.788000,3.788000,3.779000,3.779000,-47.565437,0
2015-12-22,3.742000,3.742000,3.734000,3.734000,-46.999031,0
2015-12-23,3.742000,3.742000,3.742000,3.742000,-47.099731,0
2015-12-28,3.692000,3.692000,3.692000,3.692000,-46.470387,0
2015-12-29,3.703000,3.716000,3.703000,3.716000,-46.772472,0
2015-12-30,3.715000,3.715000,3.715000,3.715000,-46.759880,0
2016-01-04,3.676000,3.676000,3.676000,3.676000,-46.269001,0
2016-01-05,3.611000,3.611000,3.611000,3.611000,-45.450863,0
2016-01-06,3.624000,3.635000,3.624000,3.624000,-45.614491,0
2016-01-07,3.643000,3.643000,3.536000,3.536000,-44.506851,8500
2016-01-08,3.569000,3.569000,3.569000,3.569000,-44.922215,0
2016-01-11,3.587000,3.587000,3.587000,3.587000,-45.148777,0
2016-01-12,3.464000,3.466000,3.464000,3.466000,-43.625778,0
2016-01-13,3.673000,3.673000,3.673000,3.673000,-46.231243,0
2016-01-14,3.576000,3.576000,3.576000,3.576000,-45.010323,0
2016-01-15,3.540000,3.540000,3.540000,3.540000,-44.557201,0
2016-01-18,3.474000,3.474000,3.474000,3.474000,-43.726467,0
2016-01-19,3.404000,3.404000,3.404000,3.404000,-42.845402,0
2016-01-20,3.291000,3.291000,3.291000,3.291000,-41.423084,0
2016-01-21,3.236000,3.325000,3.236000,3.315000,-41.725170,0
2016-01-22,3.399000,3.451000,3.399000,3.451000,-43.436974,0
2016-01-25,3.416000,3.416000,3.416000,3.416000,-42.996433,0
2016-01-26,3.343000,3.343000,3.343000,3.343000,-42.077602,0
2016-01-27,3.428000,3.428000,3.428000,3.428000,-43.147480,0
2016-01-28,3.406000,3.406000,3.406000,3.406000,-42.870571,0
2016-01-29,3.415000,3.475000,3.415000,3.472000,-43.701294,0
2016-02-01,3.472000,3.472000,3.472000,3.472000,-43.701294,0
2016-02-02,3.521000,3.521000,3.521000,3.521000,-44.318047,0
2016-02-03,3.583000,3.583000,3.583000,3.583000,-45.098427,0
2016-02-04,3.461000,3.461000,3.414000,3.414000,-42.971260,0
2016-02-05,3.437000,3.437000,3.385000,3.388000,-42.644005,0
2016-02-08,3.509000,3.509000,3.509000,3.509000,-44.167007,0
2016-02-09,3.323000,3.323000,3.323000,3.323000,-41.825867,0
2016-02-10,3.348000,3.435000,3.348000,3.435000,-43.235584,0
2016-02-11,3.413000,3.413000,3.413000,3.413000,-42.958675,0
2016-02-12,3.154000,3.233000,3.142000,3.233000,-40.693054,2000
2016-02-15,3.307000,3.309000,3.307000,3.309000,-41.649654,0
2016-02-16,3.329000,3.329000,3.329000,3.329000,-41.901382,0
2016-02-17,3.401000,3.401000,3.401000,3.401000,-42.807632,0
2016-02-18,3.418000,3.418000,3.418000,3.418000,-43.021610,0
2016-02-19,3.371000,3.371000,3.348000,3.348000,-42.140537,0
2016-02-22,3.418000,3.418000,3.418000,3.418000,-43.021610,0
2016-02-23,3.505000,3.505000,3.478000,3.478000,-43.776821,0
2016-02-24,3.495000,3.495000,3.495000,3.495000,-43.990795,0
2016-02-25,3.544000,3.544000,3.534000,3.534000,-44.481674,0
2016-02-26,3.527000,3.527000,3.527000,3.527000,-44.393570,0
2016-02-29,3.547000,3.656000,3.547000,3.656000,-46.017262,0
2016-03-01,3.590000,3.590000,3.590000,3.590000,-45.186539,0
2016-03-02,3.661000,3.661000,3.661000,3.661000,-46.080200,0
2016-03-03,3.746000,3.747000,3.719000,3.719000,-46.810234,0
2016-03-04,3.757000,3.762000,3.745000,3.745000,-47.137486,0
2016-03-07,3.658000,3.658000,3.658000,3.658000,-46.042442,0
2016-03-08,3.710000,3.710000,3.710000,3.710000,-46.696953,0
2016-03-09,3.734000,3.734000,3.734000,3.734000,-46.999031,0
2016-03-10,3.690000,3.690000,3.690000,3.690000,-46.445213,0
2016-03-11,3.582000,3.652000,3.582000,3.652000,-45.966915,0
2016-03-14,3.711000,3.755000,3.711000,3.755000,-47.263363,0
2016-03-15,3.757000,3.757000,3.757000,3.757000,-47.288528,0
2016-03-16,3.778000,3.794000,3.778000,3.794000,-47.754234,0
2016-03-17,3.729000,3.729000,3.729000,3.729000,-46.936096,0
2016-03-18,3.738000,3.738000,3.738000,3.738000,-47.049374,0
2016-03-21,3.736000,3.736000,3.736000,3.736000,-47.024208,0
2016-03-22,3.766000,3.766000,3.766000,3.766000,-47.401810,0
2016-03-23,3.706000,3.706000,3.706000,3.706000,-46.646606,0
2016-03-24,3.731000,3.731000,3.731000,3.731000,-46.961277,0
2016-03-29,3.724000,3.724000,3.717000,3.717000,34.032959,0
2016-03-30,3.790000,3.790000,3.790000,3.790000,34.701351,0
2016-03-31,3.747000,3.747000,3.747000,3.747000,34.307644,0
2016-04-01,3.627000,3.627000,3.627000,3.627000,33.208920,0
2016-04-04,3.650000,3.663000,3.650000,3.656000,33.474442,0
2016-04-05,3.565000,3.565000,3.565000,3.565000,32.641247,0
2016-04-06,3.576000,3.597000,3.576000,3.597000,32.934238,0
2016-04-07,3.622000,3.622000,3.622000,3.622000,33.163139,0
2016-04-08,3.875000,3.875000,3.875000,3.875000,35.479618,0
2016-04-11,3.923000,3.923000,3.923000,3.923000,35.919102,0
2016-04-12,3.938000,3.938000,3.901000,3.901000,35.717670,660
2016-04-13,3.946000,3.946000,3.946000,3.946000,36.129692,0
2016-04-14,4.064000,4.070000,4.064000,4.070000,37.265041,0
2016-04-15,4.107000,4.107000,4.107000,4.107000,37.603809,0
2016-04-18,4.078000,4.078000,4.078000,4.078000,37.338287,0
2016-04-19,4.128000,4.128000,4.128000,4.128000,37.796085,0
2016-04-20,4.040000,4.040000,4.040000,4.040000,36.990360,0
2016-04-21,4.099000,4.099000,4.099000,4.099000,37.530563,0
2016-04-22,4.078000,4.078000,4.078000,4.078000,37.338287,0
2016-04-25,4.023000,4.023000,4.023000,4.023000,36.834705,0
2016-04-26,3.961000,3.961000,3.961000,3.961000,36.267033,0
2016-04-27,3.908000,3.946000,3.908000,3.946000,36.129692,0
2016-04-28,3.980000,3.985000,3.978000,3.978000,36.422688,0
2016-04-29,4.008000,4.008000,3.913000,3.918000,35.873325,0
2016-05-02,3.865000,3.865000,3.849000,3.849000,35.241558,0
2016-05-03,3.863000,3.863000,3.821000,3.821000,34.985191,0
2016-05-04,3.838000,3.838000,3.838000,3.838000,35.140842,0
2016-05-05,3.840000,3.848000,3.840000,3.848000,35.232407,0
2016-05-06,3.912000,3.927000,3.912000,3.927000,35.955730,0
2016-05-09,4.052000,4.052000,4.052000,4.052000,37.100235,0
2016-05-10,4.030000,4.065000,4.030000,4.065000,37.219265,0
2016-05-11,3.972000,3.972000,3.972000,3.972000,36.367748,0
2016-05-12,3.940000,3.940000,3.932000,3.937000,36.047287,0
2016-05-13,3.915000,3.944000,3.915000,3.935000,36.028973,0
2016-05-17,3.982000,3.982000,3.982000,3.982000,36.459309,0
2016-05-18,4.015000,4.015000,4.010000,4.010000,36.715679,0
2016-05-19,3.996000,3.998000,3.996000,3.998000,36.605801,0
2016-05-20,4.033000,4.033000,4.022000,4.022000,36.825550,0
2016-05-23,4.102000,4.115000,4.102000,4.115000,37.677059,0
2016-05-24,4.046000,4.116000,4.046000,4.116000,37.686218,0
2016-05-25,4.051000,4.051000,4.051000,4.051000,37.091076,0
2016-05-26,3.993000,4.021000,3.983000,4.021000,36.816395,0
2016-05-27,3.976000,3.986000,3.976000,3.986000,36.495934,0
2016-05-30,3.988000,3.988000,3.988000,3.988000,36.514244,0
2016-05-31,3.980000,3.980000,3.978000,3.980000,36.440994,0
2016-06-01,4.030000,4.030000,4.030000,4.030000,36.898800,0
2016-06-02,4.163000,4.184000,4.163000,4.184000,38.308826,0
2016-06-03,4.197000,4.197000,4.118000,4.129000,37.805248,0
2016-06-06,4.268000,4.268000,4.268000,4.268000,39.077934,0
2016-06-07,4.203000,4.242000,4.203000,4.242000,38.839878,0
2016-06-08,4.246000,4.246000,4.246000,4.246000,38.876499,0
2016-06-09,4.207000,4.227000,4.207000,4.223000,38.665913,0
2016-06-10,4.197000,4.197000,4.178000,4.178000,38.253891,0
2016-06-13,4.137000,4.137000,4.137000,4.137000,37.878494,0
2016-06-14,4.032000,4.055000,4.032000,4.055000,37.127697,0
2016-06-15,4.036000,4.036000,4.036000,4.036000,36.953732,0
2016-06-16,4.009000,4.009000,3.984000,3.984000,36.477627,0
2016-06-17,3.972000,3.972000,3.972000,3.972000,36.367748,0
2016-06-20,3.940000,3.940000,3.940000,3.940000,36.074757,0
2016-06-21,4.018000,4.063000,4.018000,4.059000,37.164318,0
2016-06-22,4.005000,4.005000,4.005000,4.005000,36.669899,0
2016-06-23,3.942000,3.942000,3.900000,3.900000,35.708519,0
2016-06-24,3.758000,3.758000,3.758000,3.758000,34.408360,0
2016-06-27,3.975000,3.975000,3.975000,3.975000,36.395214,0
2016-06-28,3.945000,3.945000,3.945000,3.945000,36.120537,0
2016-06-29,4.001000,4.001000,4.001000,4.001000,36.633270,0
2016-06-30,3.938000,3.949000,3.938000,3.949000,36.157162,0
2016-07-01,3.943000,3.955000,3.937000,3.937000,36.047287,0
2016-07-04,4.014000,4.014000,4.014000,4.014000,36.752300,0
2016-07-05,4.023000,4.034000,4.023000,4.034000,36.935417,0
2016-07-06,3.942000,3.942000,3.942000,3.942000,36.093067,0
2016-07-07,3.979000,3.979000,3.979000,3.979000,36.431843,0
2016-07-08,4.020000,4.108000,4.020000,4.037000,36.962894,0
2016-07-11,4.071000,4.107000,4.071000,4.107000,37.603809,0
2016-07-12,4.029000,4.029000,4.029000,4.029000,36.889641,0
2016-07-13,4.013000,4.051000,4.013000,4.051000,37.091076,0
2016-07-14,3.954000,3.954000,3.954000,3.954000,36.202942,0
2016-07-15,3.825000,3.825000,3.825000,3.825000,35.021812,0
2016-07-18,3.847000,3.847000,3.847000,3.847000,35.223248,0
2016-07-19,3.828000,3.828000,3.828000,3.828000,35.049282,0
2016-07-20,3.825000,3.825000,3.825000,3.825000,35.021812,0
2016-07-21,3.777000,3.777000,3.777000,3.777000,34.582325,0
2016-07-22,3.858000,3.858000,3.858000,3.858000,35.323963,0
2016-07-25,3.856000,3.936000,3.856000,3.936000,36.038136,100
2016-07-26,4.021000,4.036000,4.021000,4.036000,36.953732,0
2016-07-27,3.898000,3.898000,3.898000,3.898000,35.690201,0
2016-07-28,3.796000,3.818000,3.792000,3.818000,34.957722,0
2016-07-29,3.915000,3.915000,3.915000,3.915000,35.845856,0
2016-08-01,3.875000,3.875000,3.847000,3.847000,35.223248,0
2016-08-02,3.863000,3.863000,3.828000,3.828000,35.049282,0
2016-08-03,3.768000,3.784000,3.768000,3.784000,34.646416,0
2016-08-04,3.780000,3.800000,3.780000,3.800000,34.792912,0
2016-08-05,3.805000,3.805000,3.805000,3.805000,34.838692,0
2016-08-08,3.768000,3.768000,3.768000,3.768000,34.499920,0
2016-08-09,3.804000,3.804000,3.804000,3.804000,34.829536,0
2016-08-10,3.854000,3.862000,3.846000,3.846000,35.214088,0
2016-08-11,3.845000,3.845000,3.845000,3.845000,35.204933,0
2016-08-12,3.881000,3.970000,3.881000,3.890000,35.616955,100
2016-08-15,3.853000,3.863000,3.852000,3.861000,35.351429,0
2016-08-16,3.857000,3.857000,3.837000,3.838000,35.140842,0
2016-08-17,3.794000,3.804000,3.789000,3.789000,34.692196,0
2016-08-18,3.717000,3.717000,3.710000,3.713000,33.996338,0
2016-08-19,3.651000,3.651000,3.651000,3.651000,33.428661,0
2016-08-22,3.680000,3.690000,3.675000,3.675000,33.648411,0
2016-08-23,3.644000,3.667000,3.643000,3.667000,33.575161,0
2016-08-24,3.588000,3.603000,3.588000,3.591000,32.879303,0
2016-08-25,3.636000,3.636000,3.620000,3.620000,33.144825,0
2016-08-26,3.595000,3.682000,3.579000,3.631000,33.245544,330
2016-08-29,3.583000,3.583000,3.583000,3.583000,32.806053,0
2016-08-30,3.610000,3.610000,3.604000,3.604000,32.998333,0
2016-08-31,3.634000,3.634000,3.634000,3.634000,33.273010,0
2016-09-01,3.616000,3.616000,3.616000,3.616000,33.108204,0
2016-09-02,3.606000,3.606000,3.600000,3.600000,32.961704,0
2016-09-05,3.564000,3.564000,3.564000,3.564000,32.632092,0
2016-09-06,3.607000,3.607000,3.607000,3.607000,33.025799,0
2016-09-07,3.660000,3.660000,3.660000,3.660000,33.511070,0
2016-09-08,3.590000,3.594000,3.570000,3.570000,32.687023,0
2016-09-09,3.550000,3.550000,3.546000,3.546000,32.467281,0
2016-09-12,3.531000,3.557000,3.531000,3.556000,32.558842,0
2016-09-13,3.555000,3.555000,3.555000,3.555000,32.549686,0
2016-09-14,3.504000,3.504000,3.504000,3.504000,32.082729,0
2016-09-15,3.484000,3.484000,3.484000,3.484000,31.899607,0
2016-09-16,3.554000,3.570000,3.554000,3.570000,32.687023,0
2016-09-19,3.578000,3.589000,3.578000,3.582000,32.796898,0
2016-09-20,3.557000,3.557000,3.557000,3.557000,32.567997,0
2016-09-21,3.553000,3.611000,3.553000,3.611000,33.062424,0
2016-09-22,3.610000,3.610000,3.610000,3.610000,33.053265,0
2016-09-23,3.580000,3.580000,3.572000,3.572000,32.705338,0
2016-09-26,3.593000,3.593000,3.593000,3.593000,32.897614,0
2016-09-27,3.587000,3.587000,3.587000,3.587000,32.842678,0
2016-09-28,3.561000,3.567000,3.561000,3.565000,32.641247,0
2016-09-29,3.532000,3.532000,3.529000,3.531000,32.329941,0
2016-09-30,3.509000,3.509000,3.509000,3.509000,32.128506,0
2016-10-04,3.496000,3.496000,3.496000,3.496000,32.009480,0
2016-10-05,3.533000,3.533000,3.533000,3.533000,32.348251,0
2016-10-06,3.484000,3.484000,3.481000,3.481000,31.872139,0
2016-10-07,3.484000,3.495000,3.484000,3.495000,32.000320,0
2016-10-10,3.500000,3.500000,3.500000,3.500000,32.046101,0
2016-10-11,3.490000,3.531000,3.490000,3.531000,32.329941,0
2016-10-12,3.518000,3.518000,3.492000,3.493000,31.982014,0
2016-10-13,3.464000,3.464000,3.457000,3.457000,31.652393,0
2016-10-14,3.469000,3.469000,3.469000,3.469000,31.762266,0
2016-10-17,3.493000,3.493000,3.493000,3.493000,31.982014,0
2016-10-18,3.509000,3.509000,3.509000,3.509000,32.128506,0
2016-10-19,3.517000,3.517000,3.517000,3.517000,32.201756,0
2016-10-20,3.553000,3.555000,3.550000,3.554000,32.540527,0
2016-10-21,3.532000,3.542000,3.532000,3.542000,32.430656,0
2016-10-24,3.567000,3.567000,3.555000,3.555000,32.549686,0
2016-10-25,3.623000,3.623000,3.623000,3.623000,33.172295,0
2016-10-26,3.627000,3.627000,3.609000,3.609000,33.044109,2713
2016-10-27,3.560000,3.560000,3.538000,3.538000,32.394035,0
2016-10-28,3.543000,3.543000,3.543000,3.543000,32.439812,0
2016-10-31,3.472000,3.472000,3.472000,3.472000,31.789732,0
2016-11-01,3.469000,3.469000,3.469000,3.469000,31.762266,0
2016-11-02,3.610000,3.610000,3.610000,3.610000,33.053265,0
2016-11-03,3.623000,3.623000,3.623000,3.623000,33.172295,0
2016-11-04,3.624000,3.624000,3.624000,3.624000,33.181454,0
2016-11-07,3.573000,3.573000,3.573000,3.573000,32.714497,0
2016-11-08,3.573000,3.573000,3.573000,3.573000,32.714497,0
2016-11-09,3.277000,3.277000,3.277000,3.277000,30.004309,0
2016-11-10,3.514000,3.514000,3.477000,3.477000,31.835516,0
2016-11-11,3.408000,3.423000,3.408000,3.419000,31.304464,0
2016-11-14,3.351000,3.351000,3.341000,3.341000,30.590294,0
2016-11-15,3.369000,3.434000,3.369000,3.434000,31.441807,1000
2016-11-16,3.426000,3.451000,3.426000,3.451000,31.597458,0
2016-11-17,3.472000,3.472000,3.468000,3.472000,31.789732,0
2016-11-18,3.502000,3.505000,3.501000,3.505000,32.091885,0
2016-11-21,3.451000,3.459000,3.451000,3.453000,31.615770,0
2016-11-22,3.451000,3.459000,3.430000,3.430000,31.405182,0
2016-11-23,3.431000,3.431000,3.405000,3.409000,31.212906,0
2016-11-24,3.496000,3.496000,3.496000,3.496000,32.009480,0
2016-11-25,3.466000,3.466000,3.466000,3.466000,31.734800,0
2016-11-28,3.495000,3.495000,3.495000,3.495000,32.000320,0
2016-11-29,3.464000,3.464000,3.464000,3.464000,31.716488,0
2016-11-30,3.427000,3.427000,3.427000,3.427000,31.377712,0
2016-12-01,3.394000,3.394000,3.380000,3.381000,30.956535,0
2016-12-02,3.332000,3.429000,3.332000,3.429000,31.396025,0
2016-12-05,3.437000,3.437000,3.437000,3.437000,31.469275,0
2016-12-06,3.383000,3.383000,3.383000,3.383000,30.974850,0
2016-12-07,3.417000,3.417000,3.417000,3.417000,31.286156,0
2016-12-08,3.593000,3.628000,3.593000,3.628000,33.218075,0
2016-12-09,3.666000,3.666000,3.666000,3.666000,33.566006,0
2016-12-12,3.574000,3.574000,3.574000,3.574000,32.723648,0
2016-12-13,3.570000,3.577000,3.570000,3.577000,32.751118,0
2016-12-14,3.601000,3.601000,3.601000,3.601000,32.970863,0
2016-12-15,3.544000,3.579000,3.544000,3.579000,32.769428,0
2016-12-16,3.578000,3.578000,3.578000,3.578000,32.760273,0
2016-12-19,3.572000,3.584000,3.560000,3.581000,32.787743,0
2016-12-20,3.576000,3.576000,3.572000,3.572000,32.705338,0
2016-12-21,3.583000,3.583000,3.583000,3.583000,32.806053,0
2016-12-22,3.592000,3.598000,3.584000,3.598000,32.943398,0
2016-12-23,3.601000,3.604000,3.601000,3.604000,32.998333,0
2016-12-27,3.659000,3.659000,3.657000,3.658000,33.492760,0
2016-12-28,3.660000,3.692000,3.660000,3.692000,33.804062,0
2016-12-29,3.642000,3.642000,3.642000,3.642000,33.346260,0
2016-12-30,3.612000,3.612000,3.612000,3.612000,33.071579,0
2017-01-02,3.605000,3.605000,3.605000,3.605000,33.007488,0
2017-01-03,3.599000,3.621000,3.599000,3.621000,33.153984,0
2017-01-04,3.632000,3.632000,3.630000,3.630000,33.236389,0
2017-01-05,3.772000,3.772000,3.772000,3.772000,34.536545,0
2017-01-06,3.825000,3.825000,3.825000,3.825000,35.021812,0
2017-01-09,3.803000,3.833000,3.803000,3.833000,35.095062,0
2017-01-10,3.858000,3.858000,3.858000,3.858000,35.323963,0
2017-01-11,3.848000,3.859000,3.848000,3.858000,35.323963,0
2017-01-12,3.852000,3.853000,3.850000,3.850000,35.250713,0
2017-01-13,3.855000,3.855000,3.855000,3.855000,35.296494,0
2017-01-16,3.849000,3.849000,3.849000,3.849000,35.241558,0
2017-01-17,3.796000,3.796000,3.796000,3.796000,34.756290,0
2017-01-18,3.796000,3.796000,3.796000,3.796000,34.756290,0
2017-01-19,3.800000,3.880000,3.777000,3.777000,34.582325,0
2017-01-20,3.766000,3.766000,3.766000,3.766000,34.481609,0
2017-01-23,3.749000,3.749000,3.749000,3.749000,34.325958,0
2017-01-24,3.722000,3.722000,3.722000,3.722000,34.078739,0
2017-01-25,3.777000,3.778000,3.777000,3.778000,34.591476,0
2017-01-26,3.772000,3.772000,3.759000,3.759000,34.417519,0
2017-01-27,3.773000,3.773000,3.773000,3.773000,34.545696,0
2017-01-30,3.803000,3.803000,3.803000,3.803000,34.820377,0
2017-01-31,3.856000,3.856000,3.856000,3.856000,35.305649,0
2017-02-01,3.825000,3.825000,3.825000,3.825000,35.021812,0
2017-02-02,3.802000,3.803000,3.802000,3.803000,34.820377,0
2017-02-03,3.742000,3.742000,3.742000,3.742000,34.261864,0
2017-02-06,4.323000,4.340000,4.260000,4.340000,39.737171,6200
2017-02-07,4.378000,4.378000,4.366000,4.375000,40.057629,0
2017-02-08,4.349000,4.349000,4.349000,4.349000,39.819572,0
2017-02-09,4.294000,4.294000,4.271000,4.271000,39.105400,0
2017-02-10,4.392000,4.392000,4.392000,4.392000,40.213284,0
2017-02-13,4.466000,4.466000,4.466000,4.466000,40.890827,0
2017-02-14,4.390000,4.390000,4.390000,4.390000,40.194969,0
2017-02-15,4.377000,4.377000,4.377000,4.377000,40.075939,0
2017-02-16,4.308000,4.308000,4.308000,4.308000,39.444176,0
2017-02-17,4.313000,4.353000,4.313000,4.353000,39.856201,0
2017-02-20,4.334000,4.337000,4.334000,4.337000,39.709702,1200
2017-02-21,4.349000,4.349000,4.349000,4.349000,39.819572,0
2017-02-22,4.418000,4.419000,4.418000,4.419000,40.460495,0
2017-02-23,4.329000,4.340000,4.329000,4.340000,39.737171,0
2017-02-24,4.334000,4.374000,4.334000,4.374000,40.048477,0
2017-02-27,4.345000,4.345000,4.345000,4.345000,39.782944,0
2017-02-28,4.339000,4.343000,4.339000,4.343000,39.764633,0
2017-03-01,4.296000,4.296000,4.296000,4.296000,39.334301,0
2017-03-02,4.333000,4.333000,4.330000,4.330000,39.645607,0
2017-03-03,4.357000,4.357000,4.332000,4.336000,39.700542,0
2017-03-06,4.412000,4.412000,4.412000,4.412000,40.396404,0
2017-03-07,4.315000,4.315000,4.315000,4.315000,39.508270,0
2017-03-08,4.318000,4.318000,4.284000,4.297000,39.343460,0
2017-03-09,4.393000,4.393000,4.393000,4.393000,40.222435,0
2017-03-10,4.397000,4.397000,4.397000,4.397000,40.259056,0
2017-03-13,4.405000,4.405000,4.405000,4.405000,40.332314,0
2017-03-14,4.388000,4.388000,4.388000,4.388000,40.176659,0
2017-03-15,4.417000,4.417000,4.417000,4.417000,40.442181,0
2017-03-16,4.520000,4.526000,4.520000,4.523000,41.412720,0
2017-03-17,4.440000,4.477000,4.440000,4.477000,40.991547,0
2017-03-20,4.464000,4.464000,4.464000,4.464000,40.872517,0
2017-03-21,4.413000,4.413000,4.413000,4.413000,40.405556,0
2017-03-22,4.304000,4.304000,4.304000,4.304000,39.407555,0
2017-03-23,4.300000,4.300000,4.300000,4.300000,39.370926,0
2017-03-24,4.262000,4.262000,4.257000,4.257000,38.977219,0
2017-03-27,4.237000,4.237000,4.237000,4.237000,38.794098,0
2017-03-28,4.265000,4.277000,4.265000,4.277000,39.160336,0
2017-03-29,4.168000,4.194000,4.168000,4.194000,-35.836456,0
2017-03-30,4.246000,4.246000,4.246000,4.246000,-36.280777,0
2017-03-31,4.259000,4.259000,4.259000,4.259000,-36.391861,0
2017-04-03,4.411000,4.411000,4.411000,4.411000,-37.690655,0
2017-04-04,4.375000,4.375000,4.364000,4.364000,-37.289051,0
2017-04-05,4.363000,4.363000,4.352000,4.352000,-37.186520,0
2017-04-06,4.294000,4.294000,4.277000,4.277000,-36.545666,250
2017-04-07,4.349000,4.349000,4.349000,4.349000,-37.160885,0
2017-04-10,4.337000,4.351000,4.337000,4.351000,-37.177971,0
2017-04-11,4.325000,4.325000,4.325000,4.325000,-36.955811,0
2017-04-12,4.311000,4.311000,4.311000,4.311000,-36.836182,0
2017-04-13,4.360000,4.414000,4.360000,4.414000,-37.716290,400
2017-04-18,4.410000,4.446000,4.410000,4.446000,-37.989719,2300
2017-04-19,4.410000,4.410000,4.410000,4.410000,-37.682110,0
2017-04-20,4.410000,4.410000,4.389000,4.389000,-37.502670,3537
2017-04-21,4.360000,4.360000,4.360000,4.360000,-37.254875,0
2017-04-24,4.340000,4.340000,4.340000,4.340000,-37.083981,500
2017-04-25,4.218000,4.284000,4.159000,4.159000,-35.537392,500
2017-04-26,4.263000,4.263000,4.000000,4.000000,-34.178783,0
2017-04-27,3.870000,3.951000,3.870000,3.878000,-33.136333,597
2017-04-28,3.902000,3.902000,3.902000,3.902000,-33.341404,0
2017-05-02,3.778000,3.778000,3.778000,3.778000,-32.281864,0
2017-05-03,3.772000,3.772000,3.772000,3.772000,-32.230595,0
2017-05-04,3.772000,3.772000,3.772000,3.772000,-32.230595,0
2017-05-05,3.751000,3.820000,3.737000,3.737000,-31.931528,6500
2017-05-08,3.825000,3.825000,3.825000,3.825000,-32.683464,0
2017-05-09,3.812000,3.812000,3.802000,3.811000,-32.563839,0
2017-05-10,3.809000,3.811000,3.809000,3.811000,-32.563839,597
2017-05-11,3.809000,3.859000,3.809000,3.859000,-32.973980,597
2017-05-12,3.874000,3.955000,3.871000,3.871000,-33.076523,1000
2017-05-15,3.921000,3.921000,3.921000,3.921000,-33.503757,0
2017-05-16,3.880000,3.880000,3.880000,3.880000,-33.153419,0
2017-05-17,3.844000,3.844000,3.844000,3.844000,-32.845814,0
2017-05-18,3.875000,3.995000,3.875000,3.885000,-33.196144,487
2017-05-19,3.863000,3.863000,3.863000,3.863000,-33.008160,0
2017-05-22,3.886000,3.886000,3.886000,3.886000,-33.204689,0
2017-05-23,3.887000,3.887000,3.882000,3.882000,-33.170509,0
2017-05-24,3.923000,3.923000,3.920000,3.923000,-33.520844,0
2017-05-25,3.960000,3.964000,3.960000,3.964000,-33.871174,0
2017-05-26,3.976000,3.976000,3.976000,3.976000,-33.973713,0
2017-05-29,3.991000,3.991000,3.991000,3.991000,-34.101883,0
2017-05-30,4.005000,4.005000,4.005000,4.005000,-34.221512,0
2017-05-31,4.000000,4.000000,4.000000,4.000000,-34.178783,0
2017-06-01,3.952000,3.952000,3.952000,3.952000,-33.768639,0
2017-06-02,3.913000,3.913000,3.913000,3.913000,-33.435398,0
2017-06-05,3.913000,3.913000,3.913000,3.913000,-33.435398,0
2017-06-06,3.925000,3.932000,3.925000,3.932000,-33.597744,0
2017-06-07,3.982000,4.077000,3.982000,3.987000,-34.067703,0
2017-06-08,3.956000,4.102000,3.952000,4.102000,-35.050346,5000
2017-06-09,3.902000,3.902000,3.893000,3.899000,-33.315769,0
2017-06-12,3.901000,3.922000,3.750000,3.922000,-33.512299,35
2017-06-13,3.844000,3.844000,3.834000,3.836000,-32.777454,0
2017-06-14,3.786000,3.801000,3.783000,3.801000,-32.478390,0
2017-06-15,3.824000,3.839000,3.804000,3.804000,-32.504025,0
2017-06-16,3.732000,3.732000,3.716000,3.729000,-31.863173,0
2017-06-19,3.696000,3.696000,3.696000,3.696000,-31.581198,0
2017-06-20,3.783000,3.783000,3.783000,3.783000,-32.324585,0
2017-06-21,3.774000,3.774000,3.774000,3.774000,-32.247681,0
2017-06-22,3.788000,3.788000,3.788000,3.788000,-32.367310,0
2017-06-23,3.888000,3.888000,3.888000,3.888000,-33.221779,0
2017-06-26,3.885000,3.885000,3.885000,3.885000,-33.196144,0
2017-06-27,3.891000,3.891000,3.824000,3.824000,-32.674919,330
2017-06-28,3.767000,3.767000,3.758000,3.758000,-32.110966,0
2017-06-29,3.827000,3.827000,3.827000,3.827000,-32.700550,0
2017-06-30,3.765000,3.765000,3.765000,3.765000,-32.170780,0
2017-07-03,3.702000,3.702000,3.702000,3.702000,-31.632465,0
2017-07-04,3.722000,3.722000,3.722000,3.722000,-31.803358,0
2017-07-05,3.743000,3.743000,3.743000,3.743000,-31.982800,0
2017-07-06,3.798000,3.798000,3.798000,3.798000,-32.452759,0
2017-07-07,3.708000,3.708000,3.708000,3.708000,-31.683733,0
2017-07-10,3.724000,3.724000,3.724000,3.724000,-31.820448,0
2017-07-11,3.762000,3.762000,3.762000,3.762000,-32.145149,0
2017-07-12,3.762000,3.762000,3.762000,3.762000,-32.145149,0
2017-07-13,3.810000,3.810000,3.810000,3.810000,-32.555290,0
2017-07-14,3.782000,3.782000,3.782000,3.782000,-32.316040,0
2017-07-17,3.788000,3.788000,3.788000,3.788000,-32.367310,0
2017-07-18,3.776000,3.776000,3.776000,3.776000,-32.264774,0
2017-07-19,3.788000,3.788000,3.788000,3.788000,-32.367310,0
2017-07-20,3.840000,3.840000,3.840000,3.840000,-32.811634,0
2017-07-21,3.770000,3.770000,3.770000,3.770000,-32.213505,0
2017-07-24,3.779000,3.779000,3.779000,3.779000,-32.290405,0
2017-07-25,3.800000,3.800000,3.780000,3.780000,-32.298950,0
2017-07-26,3.793000,3.793000,3.793000,3.793000,-32.410034,0
2017-07-27,3.858000,3.878000,3.858000,3.878000,-33.136333,0
2017-07-28,3.814000,3.814000,3.807000,3.807000,-32.529659,0
2017-07-31,3.815000,3.815000,3.815000,3.815000,-32.598015,0
2017-08-01,3.789000,3.789000,3.789000,3.789000,-32.375854,0
2017-08-02,3.749000,3.749000,3.749000,3.749000,-32.034069,0
2017-08-03,3.745000,3.760000,3.745000,3.760000,-32.128056,0
2017-08-04,3.784000,3.784000,3.784000,3.784000,-32.333130,0
2017-08-07,3.793000,3.793000,3.793000,3.793000,-32.410034,0
2017-08-08,3.798000,3.798000,3.798000,3.798000,-32.452759,0
2017-08-09,3.833000,3.833000,3.833000,3.833000,-32.751820,0
2017-08-10,3.796000,3.796000,3.796000,3.796000,-32.435665,0
2017-08-11,3.746000,3.746000,3.746000,3.746000,-32.008434,0
2017-08-14,3.807000,3.807000,3.807000,3.807000,-32.529659,0
2017-08-15,3.858000,3.858000,3.858000,3.858000,-32.965439,0
2017-08-16,3.878000,3.885000,3.878000,3.885000,-33.196144,0
2017-08-17,4.026000,4.026000,4.026000,4.026000,-34.400948,0
2017-08-18,3.996000,4.018000,3.993000,3.993000,-34.118973,0
2017-08-21,3.926000,3.926000,3.926000,3.926000,-33.546478,0
2017-08-22,4.000000,4.000000,4.000000,4.000000,-34.178783,0
2017-08-23,3.999000,3.999000,3.999000,3.999000,-34.170242,0
2017-08-24,3.988000,3.988000,3.988000,3.988000,-34.076244,0
2017-08-25,3.951000,3.951000,3.951000,3.951000,-33.760094,0
2017-08-28,3.850000,3.850000,3.850000,3.850000,-32.897079,0
2017-08-29,3.796000,3.796000,3.796000,3.796000,-32.435665,0
2017-08-30,3.769000,3.769000,3.769000,3.769000,-32.204960,0
2017-08-31,3.802000,3.802000,3.802000,3.802000,-32.486935,0
2017-09-01,3.794000,3.794000,3.794000,3.794000,-32.418575,0
2017-09-04,3.796000,3.796000,3.796000,3.796000,-32.435665,0
2017-09-05,3.788000,3.788000,3.788000,3.788000,-32.367310,0
2017-09-06,3.779000,3.779000,3.779000,3.779000,-32.290405,0
2017-09-07,3.806000,3.806000,3.806000,3.806000,-32.521114,0
2017-09-08,3.795000,3.811000,3.795000,3.811000,-32.563839,0
2017-09-11,3.932000,3.932000,3.932000,3.932000,-33.597744,0
2017-09-12,3.843000,3.843000,3.843000,3.843000,-32.837269,0
2017-09-13,3.791000,3.791000,3.791000,3.791000,-32.392941,0
2017-09-14,3.796000,3.796000,3.796000,3.796000,-32.435665,0
2017-09-15,3.790000,3.790000,3.777000,3.777000,-32.273315,150
2017-09-18,3.758000,3.758000,3.742000,3.742000,-31.974253,2300
2017-09-19,3.738000,3.738000,3.738000,3.738000,-31.940075,0
2017-09-20,3.779000,3.779000,3.779000,3.779000,-32.290405,0
2017-09-21,3.727000,3.727000,3.727000,3.727000,-31.846083,0
2017-09-22,3.693000,3.693000,3.693000,3.693000,-31.555565,0
2017-09-25,3.785000,3.785000,3.785000,3.785000,-32.341675,0
2017-09-26,3.872000,3.872000,3.872000,3.872000,-33.085064,0
2017-09-27,3.918000,3.918000,3.917000,3.917000,-33.469574,0
2017-09-28,3.969000,3.975000,3.969000,3.975000,-33.965164,0
2017-09-29,3.976000,3.976000,3.976000,3.976000,-33.973713,0
2017-10-02,3.892000,3.907000,3.892000,3.905000,-33.367039,0
2017-10-03,3.905000,3.905000,3.905000,3.905000,-33.367039,0
2017-10-04,3.857000,3.857000,3.857000,3.857000,-32.956890,0
2017-10-05,3.854000,3.854000,3.854000,3.854000,-32.931259,0
2017-10-06,3.873000,3.873000,3.873000,3.873000,-33.093609,0
2017-10-09,3.872000,3.872000,3.871000,3.871000,-33.076523,0
2017-10-10,3.860000,3.867000,3.860000,3.865000,-33.025249,0
2017-10-11,3.869000,3.869000,3.869000,3.869000,-33.059429,0
2017-10-12,3.867000,3.878000,3.867000,3.878000,-33.136333,0
2017-10-13,3.905000,3.905000,3.905000,3.905000,-33.367039,0
2017-10-16,3.922000,3.922000,3.922000,3.922000,-33.512299,0
2017-10-17,3.922000,3.922000,3.922000,3.922000,-33.512299,0
2017-10-18,3.956000,3.956000,3.956000,3.956000,-33.802818,0
2017-10-19,3.890000,3.890000,3.890000,3.890000,-33.238869,0
2017-10-20,3.934000,3.935000,3.934000,3.935000,-33.623379,0
2017-10-23,3.979000,3.986000,3.979000,3.986000,-34.059158,0
2017-10-24,4.034000,4.034000,4.017000,4.018000,-34.332588,0
2017-10-25,3.918000,3.918000,3.902000,3.909000,-33.401215,100
2017-10-26,3.890000,3.917000,3.889000,3.917000,-33.469574,0
2017-10-27,3.961000,3.985000,3.961000,3.985000,-34.050617,0
2017-10-30,3.796000,3.796000,3.796000,3.796000,-32.435665,0
2017-10-31,3.796000,3.796000,3.796000,3.796000,-32.435665,0
2017-11-01,3.783000,3.783000,3.783000,3.783000,-32.324585,0
2017-11-02,3.832000,3.832000,3.832000,3.832000,-32.743275,0
2017-11-03,3.827000,3.836000,3.827000,3.836000,-32.777454,0
2017-11-06,3.788000,3.788000,3.788000,3.788000,-32.367310,0
2017-11-07,3.799000,3.799000,3.799000,3.799000,-32.461304,0
2017-11-08,3.848000,3.848000,3.848000,3.848000,-32.879993,0
2017-11-09,3.874000,3.874000,3.874000,3.874000,-33.102154,0
2017-11-10,3.822000,3.822000,3.822000,3.822000,-32.657829,0
2017-11-13,3.790000,3.790000,3.790000,3.790000,-32.384399,0
2017-11-14,3.763000,3.763000,3.763000,3.763000,-32.153690,0
2017-11-15,3.707000,3.707000,3.707000,3.707000,-31.675188,0
2017-11-16,3.755000,3.755000,3.755000,3.755000,-32.085335,0
2017-11-17,3.778000,3.778000,3.778000,3.778000,-32.281864,0
2017-11-20,3.816000,3.816000,3.816000,3.816000,-32.606564,0
2017-11-21,3.846000,3.846000,3.846000,3.846000,-32.862900,0
2017-11-22,3.800000,3.806000,3.800000,3.806000,-32.521114,0
2017-11-23,3.800000,3.800000,3.792000,3.792000,-32.401485,0
2017-11-24,3.820000,3.820000,3.820000,3.820000,-32.640739,0
2017-11-27,3.792000,3.792000,3.792000,3.792000,-32.401485,0
2017-11-28,3.798000,3.798000,3.798000,3.798000,-32.452759,0
2017-11-29,3.803000,3.803000,3.803000,3.803000,-32.495480,0
2017-11-30,3.813000,3.813000,3.813000,3.813000,-32.580925,0
2017-12-01,3.775000,3.775000,3.775000,3.775000,-32.256226,0
2017-12-04,3.798000,3.807000,3.798000,3.805000,-32.512569,0
2017-12-05,3.724000,3.724000,3.724000,3.724000,-31.820448,0
2017-12-06,3.727000,3.727000,3.727000,3.727000,-31.846083,0
2017-12-07,3.781000,3.820000,3.781000,3.820000,-32.640739,0
2017-12-08,3.779000,3.779000,3.779000,3.779000,-32.290405,0
2017-12-11,3.768000,3.768000,3.768000,3.768000,-32.196415,0
2017-12-12,3.794000,3.794000,3.794000,3.794000,-32.418575,0
2017-12-13,3.817000,3.817000,3.817000,3.817000,-32.615105,0
2017-12-14,3.782000,3.803000,3.782000,3.803000,-32.495480,0
2017-12-15,3.794000,3.794000,3.794000,3.794000,-32.418575,0
2017-12-18,3.815000,3.815000,3.815000,3.815000,-32.598015,0
2017-12-19,3.811000,3.811000,3.779000,3.779000,-32.290405,0
2017-12-20,3.745000,3.745000,3.745000,3.745000,-31.999886,0
2017-12-21,3.742000,3.742000,3.742000,3.742000,-31.974253,0
2017-12-22,3.800000,3.807000,3.800000,3.807000,-32.529659,0
2017-12-27,3.841000,3.841000,3.832000,3.832000,-32.743275,0
2017-12-28,3.875000,3.875000,3.875000,3.875000,-33.110699,0
2017-12-29,3.798000,3.798000,3.798000,3.798000,-32.452759,0
2018-01-02,3.768000,3.768000,3.768000,3.768000,-32.196415,0
2018-01-03,3.780000,3.780000,3.780000,3.780000,-32.298950,0
2018-01-04,3.840000,3.840000,3.840000,3.840000,-32.811634,0
2018-01-05,3.820000,3.900000,3.820000,3.900000,-33.324314,0
2018-01-08,3.820000,3.820000,3.820000,3.820000,-32.640739,0
2018-01-09,3.940000,3.940000,3.940000,3.940000,-33.666103,0
2018-01-10,3.940000,3.940000,3.940000,3.940000,-33.666103,0
2018-01-11,3.920000,3.920000,3.920000,3.920000,-33.495209,0
2018-01-12,3.900000,3.900000,3.900000,3.900000,-33.324314,0
2018-01-15,3.920000,3.920000,3.920000,3.920000,-33.495209,0
2018-01-16,3.920000,3.920000,3.920000,3.920000,-33.495209,0
2018-01-17,3.860000,3.860000,3.840000,3.840000,-32.811634,0
2018-01-18,3.860000,3.860000,3.860000,3.860000,-32.982525,0
2018-01-19,3.860000,3.860000,3.860000,3.860000,-32.982525,0
2018-01-22,3.860000,3.860000,3.860000,3.860000,-32.982525,0
2018-01-23,3.900000,3.900000,3.900000,3.900000,-33.324314,0
2018-01-24,3.920000,3.920000,3.920000,3.920000,-33.495209,0
2018-01-25,3.900000,3.900000,3.900000,3.900000,-33.324314,0
2018-01-26,3.860000,3.860000,3.860000,3.860000,-32.982525,0
2018-01-29,3.880000,3.880000,3.880000,3.880000,-33.153419,0
2018-01-30,3.850000,3.850000,3.850000,3.850000,-32.897079,0
2018-01-31,3.840000,3.840000,3.840000,3.840000,-32.811634,0
2018-02-01,3.790000,3.790000,3.770000,3.770000,-32.213505,0
2018-02-02,3.760000,3.760000,3.760000,3.760000,-32.128056,0
2018-02-05,3.740000,3.740000,3.740000,3.740000,-31.957165,0
2018-02-06,3.580000,3.640000,3.580000,3.640000,-31.102695,0
2018-02-07,3.650000,3.650000,3.650000,3.650000,-31.188143,0
2018-02-08,3.760000,3.760000,3.760000,3.760000,-32.128056,0
2018-02-09,3.730000,3.730000,3.630000,3.630000,-31.017248,0
2018-02-12,3.740000,3.740000,3.740000,3.740000,-31.957165,0
2018-02-13,3.700000,3.700000,3.700000,3.700000,-31.615376,0
2018-02-14,3.730000,3.730000,3.730000,3.730000,-31.871717,0
2018-02-15,3.780000,3.780000,3.780000,3.780000,-32.298950,0
2018-02-16,3.800000,3.800000,3.800000,3.800000,-32.469845,0
2018-02-19,3.840000,3.840000,3.840000,3.840000,-32.811634,0
2018-02-20,3.910000,3.910000,3.910000,3.910000,-33.409763,0
2018-02-21,3.800000,3.800000,3.800000,3.800000,-32.469845,0
2018-02-22,3.860000,3.870000,3.860000,3.870000,-33.067974,0
2018-02-23,3.930000,3.940000,3.930000,3.940000,-33.666103,0
2018-02-26,4.020000,4.020000,4.010000,4.010000,-34.264233,0
2018-02-27,4.000000,4.010000,3.990000,4.010000,-34.264233,0
2018-02-28,3.750000,3.770000,3.750000,3.770000,-32.213505,270
2018-03-01,3.820000,3.820000,3.810000,3.810000,-32.555290,0
2018-03-02,3.820000,3.820000,3.780000,3.780000,-32.298950,0
2018-03-05,3.840000,3.840000,3.840000,3.840000,-32.811634,0
2018-03-06,3.810000,3.810000,3.810000,3.810000,-32.555290,0
2018-03-07,3.790000,3.790000,3.790000,3.790000,-32.384399,0
2018-03-08,3.850000,3.850000,3.850000,3.850000,-32.897079,0
2018-03-09,3.880000,3.880000,3.880000,3.880000,-33.153419,0
2018-03-12,3.960000,3.960000,3.960000,3.960000,-33.836998,0
2018-03-13,3.960000,3.960000,3.960000,3.960000,-33.836998,0
2018-03-14,3.910000,3.940000,3.910000,3.930000,-33.580658,0
2018-03-15,3.900000,3.900000,3.900000,3.900000,-33.324314,0
2018-03-16,3.910000,3.910000,3.910000,3.910000,-33.409763,0
2018-03-19,3.840000,3.840000,3.840000,3.840000,-32.811634,0
2018-03-20,3.800000,3.800000,3.800000,3.800000,-32.469845,0
2018-03-21,3.810000,3.810000,3.810000,3.810000,-32.555290,0
2018-03-22,3.840000,3.840000,3.790000,3.790000,-32.384399,0
2018-03-23,3.750000,3.750000,3.750000,3.750000,-32.042610,0
2018-03-26,3.840000,3.840000,3.840000,3.840000,-32.811634,0
2018-03-27,3.790000,3.800000,3.790000,3.800000,-32.469845,0
2018-03-28,3.700000,3.700000,3.700000,3.700000,23.742773,0
2018-03-29,3.710000,3.710000,3.710000,3.710000,23.806942,0
2018-04-03,3.780000,3.780000,3.770000,3.770000,24.191959,0
2018-04-04,3.770000,3.770000,3.770000,3.770000,24.191959,0
2018-04-05,3.630000,3.630000,3.630000,3.630000,23.293585,0
2018-04-06,3.630000,3.630000,3.630000,3.630000,23.293585,0
2018-04-09,3.580000,3.580000,3.580000,3.580000,22.972736,0
2018-04-10,3.500000,3.500000,3.500000,3.500000,22.459379,0
2018-04-11,3.450000,3.450000,3.450000,3.450000,22.138531,0
2018-04-12,3.440000,3.440000,3.440000,3.440000,22.074362,0
2018-04-13,3.420000,3.420000,3.420000,3.420000,21.946022,0
2018-04-16,3.380000,3.380000,3.380000,3.380000,21.689344,0
2018-04-17,3.360000,3.360000,3.360000,3.360000,21.561003,0
2018-04-18,3.370000,3.370000,3.370000,3.370000,21.625174,0
2018-04-19,3.350000,3.350000,3.350000,3.350000,21.496834,0
2018-04-20,3.340000,3.340000,3.340000,3.340000,21.432665,0
2018-04-23,3.300000,3.300000,3.300000,3.300000,21.175985,0
2018-04-24,3.300000,3.300000,3.300000,3.300000,21.175985,0
2018-04-25,3.270000,3.270000,3.270000,3.270000,20.983477,0
2018-04-26,3.330000,3.330000,3.330000,3.330000,21.368494,0
2018-04-27,3.360000,3.360000,3.360000,3.360000,21.561003,0
2018-04-30,3.360000,3.360000,3.360000,3.360000,21.561003,0
2018-05-02,2.920000,2.920000,2.920000,2.920000,18.737539,0
2018-05-03,2.930000,2.930000,2.930000,2.930000,18.801708,0
2018-05-04,2.940000,2.940000,2.940000,2.940000,18.865879,0
2018-05-07,3.050000,3.130000,3.050000,3.130000,20.085102,834
2018-05-08,3.070000,3.070000,3.070000,3.070000,19.700083,0
2018-05-09,3.120000,3.120000,3.120000,3.120000,20.020931,0
2018-05-10,3.080000,3.080000,3.080000,3.080000,19.764252,0
2018-05-11,3.070000,3.070000,3.070000,3.070000,19.700083,0
2018-05-14,3.130000,3.130000,3.130000,3.130000,20.085102,1000
2018-05-15,3.040000,3.040000,3.040000,3.040000,19.507574,0
2018-05-16,3.020000,3.020000,3.020000,3.020000,19.379236,0
2018-05-17,3.030000,3.030000,3.030000,3.030000,19.443405,0
2018-05-18,3.030000,3.040000,3.030000,3.040000,19.507574,0
2018-05-21,3.040000,3.040000,3.040000,3.040000,19.507574,0
2018-05-22,3.030000,3.030000,3.020000,3.030000,19.443405,0
2018-05-23,3.030000,3.060000,3.030000,3.050000,19.571745,0
2018-05-24,3.020000,3.020000,3.000000,3.010000,19.315065,0
2018-05-25,3.010000,3.010000,3.000000,3.010000,19.315065,0
2018-05-28,3.040000,3.040000,3.040000,3.040000,19.507574,0
2018-05-29,3.060000,3.100000,3.060000,3.100000,19.892593,0
2018-05-30,3.040000,3.040000,3.040000,3.040000,19.507574,0
2018-05-31,3.070000,3.070000,3.070000,3.070000,19.700083,0
2018-06-01,3.050000,3.050000,3.040000,3.040000,19.507574,0
2018-06-04,3.000000,3.000000,3.000000,3.000000,19.250895,0
2018-06-05,2.960000,3.050000,2.960000,2.960000,18.994219,1000
2018-06-06,3.010000,3.010000,3.010000,3.010000,19.315065,0
2018-06-07,3.000000,3.000000,3.000000,3.000000,19.250895,0
2018-06-08,2.960000,2.970000,2.960000,2.970000,19.058388,0
2018-06-11,2.940000,2.940000,2.930000,2.930000,18.801708,0
2018-06-12,2.960000,2.960000,2.950000,2.950000,18.930048,0
2018-06-13,2.960000,2.960000,2.960000,2.960000,18.994219,0
2018-06-14,2.910000,2.910000,2.910000,2.910000,18.673368,0
2018-06-15,2.940000,2.940000,2.940000,2.940000,18.865879,0
2018-06-18,2.870000,2.870000,2.870000,2.870000,18.416691,0
2018-06-19,2.850000,2.850000,2.850000,2.850000,18.288349,0
2018-06-20,2.880000,2.880000,2.880000,2.880000,18.480862,0
2018-06-21,2.850000,2.850000,2.850000,2.850000,18.288349,0
2018-06-22,2.850000,2.850000,2.850000,2.850000,18.288349,0
2018-06-25,2.870000,2.870000,2.870000,2.870000,18.416691,0
2018-06-26,2.820000,2.820000,2.820000,2.820000,18.095842,0
2018-06-27,2.800000,2.800000,2.800000,2.800000,17.967503,0
2018-06-28,2.830000,2.830000,2.830000,2.830000,18.160011,0
2018-06-29,2.810000,2.810000,2.810000,2.810000,18.031672,0
2018-07-02,2.780000,2.780000,2.780000,2.780000,17.839165,0
2018-07-03,2.730000,2.730000,2.730000,2.730000,17.518316,0
2018-07-04,2.740000,2.740000,2.740000,2.740000,17.582485,0
2018-07-05,2.680000,2.680000,2.680000,2.680000,17.197468,0
2018-07-06,2.710000,2.710000,2.710000,2.710000,17.389977,0
2018-07-09,2.730000,2.730000,2.730000,2.730000,17.518316,0
2018-07-10,3.040000,3.120000,3.040000,3.120000,20.020931,2000
2018-07-11,2.840000,2.840000,2.840000,2.840000,18.224180,0
2018-07-12,2.790000,2.790000,2.790000,2.790000,17.903334,0
2018-07-13,2.770000,2.770000,2.770000,2.770000,17.774996,0
2018-07-16,2.770000,2.770000,2.770000,2.770000,17.774996,0
2018-07-17,2.730000,2.780000,2.730000,2.780000,17.839165,583
2018-07-18,2.760000,2.760000,2.760000,2.760000,17.710823,0
2018-07-19,2.780000,2.780000,2.780000,2.780000,17.839165,0
2018-07-20,2.770000,2.770000,2.770000,2.770000,17.774996,0
2018-07-23,2.810000,2.810000,2.810000,2.810000,18.031672,0
2018-07-24,2.840000,2.840000,2.840000,2.840000,18.224180,0
2018-07-25,2.850000,2.850000,2.850000,2.850000,18.288349,0
2018-07-26,2.900000,2.910000,2.900000,2.910000,18.673368,0
2018-07-27,3.010000,3.010000,3.010000,3.010000,19.315065,0
2018-07-30,3.170000,3.240000,3.170000,3.240000,20.790968,35
2018-07-31,3.240000,3.300000,3.240000,3.300000,21.175985,2000
2018-08-01,3.140000,3.140000,3.140000,3.140000,20.149271,0
2018-08-02,3.170000,3.180000,3.170000,3.170000,20.341780,0
2018-08-03,3.200000,3.200000,3.200000,3.200000,20.534290,0
2018-08-06,3.270000,3.270000,3.270000,3.270000,20.983477,0
2018-08-07,3.340000,3.340000,3.340000,3.340000,21.432665,0
2018-08-08,3.280000,3.290000,3.280000,3.290000,21.111816,6400
2018-08-09,3.160000,3.160000,3.160000,3.160000,20.277611,0
2018-08-10,3.180000,3.190000,3.180000,3.190000,20.470121,0
2018-08-13,3.150000,3.150000,3.150000,3.150000,20.213442,0
2018-08-14,3.120000,3.140000,3.120000,3.140000,20.149271,0
2018-08-15,3.160000,3.160000,3.160000,3.160000,20.277611,0
2018-08-16,3.070000,3.070000,3.070000,3.070000,19.700083,0
2018-08-17,3.110000,3.110000,3.110000,3.110000,19.956762,0
2018-08-20,3.050000,3.050000,3.050000,3.050000,19.571745,0
2018-08-21,3.050000,3.050000,3.050000,3.050000,19.571745,0
2018-08-22,3.030000,3.030000,3.030000,3.030000,19.443405,0
2018-08-23,2.990000,2.990000,2.990000,2.990000,19.186726,0
2018-08-24,2.950000,2.950000,2.950000,2.950000,18.930048,0
2018-08-27,2.910000,2.910000,2.910000,2.910000,18.673368,0
2018-08-28,2.880000,2.880000,2.880000,2.880000,18.480862,0
2018-08-29,2.890000,2.890000,2.890000,2.890000,18.545031,0
2018-08-30,2.890000,2.890000,2.890000,2.890000,18.545031,0
2018-08-31,2.920000,2.920000,2.920000,2.920000,18.737539,0
2018-09-03,2.900000,2.900000,2.900000,2.900000,18.609200,0
2018-09-04,2.880000,2.880000,2.880000,2.880000,18.480862,0
2018-09-05,2.880000,2.880000,2.880000,2.880000,18.480862,0
2018-09-06,2.800000,2.800000,2.800000,2.800000,17.967503,0
2018-09-07,2.850000,2.850000,2.830000,2.840000,18.224180,0
2018-09-10,2.840000,2.840000,2.840000,2.840000,18.224180,0
2018-09-11,2.840000,2.840000,2.840000,2.840000,18.224180,0
2018-09-12,2.910000,2.910000,2.910000,2.910000,18.673368,0
2018-09-13,2.950000,2.950000,2.950000,2.950000,18.930048,0
2018-09-14,2.970000,2.970000,2.970000,2.970000,19.058388,0
2018-09-17,2.980000,2.980000,2.970000,2.970000,19.058388,0
2018-09-18,2.950000,2.950000,2.950000,2.950000,18.930048,0
2018-09-19,3.060000,3.060000,3.060000,3.060000,19.635914,0
2018-09-20,3.070000,3.070000,3.070000,3.070000,19.700083,0
2018-09-21,2.960000,2.960000,2.960000,2.960000,18.994219,0
2018-09-24,3.000000,3.070000,3.000000,3.000000,19.250895,4500
2018-09-25,2.920000,2.920000,2.920000,2.920000,18.737539,0
2018-09-26,2.980000,2.980000,2.980000,2.980000,19.122557,0
2018-09-27,2.960000,2.960000,2.960000,2.960000,18.994219,0
2018-09-28,3.050000,3.050000,3.050000,3.050000,19.571745,0
2018-10-01,3.070000,3.070000,3.070000,3.070000,19.700083,0
2018-10-02,3.090000,3.090000,3.090000,3.090000,19.828423,0
2018-10-04,3.020000,3.020000,3.020000,3.020000,19.379236,0
2018-10-05,3.020000,3.100000,3.020000,3.100000,19.892593,391
2018-10-08,3.010000,3.010000,3.010000,3.010000,19.315065,0
2018-10-09,2.970000,2.970000,2.970000,2.970000,19.058388,0
2018-10-10,2.970000,2.970000,2.960000,2.960000,18.994219,0
2018-10-11,2.860000,2.860000,2.860000,2.860000,18.352522,0
2018-10-12,2.890000,2.900000,2.890000,2.900000,18.609200,0
2018-10-15,2.860000,2.860000,2.860000,2.860000,18.352522,0
2018-10-16,2.910000,2.910000,2.910000,2.910000,18.673368,0
2018-10-17,2.940000,2.940000,2.940000,2.940000,18.865879,0
2018-10-18,2.930000,2.930000,2.930000,2.930000,18.801708,0
2018-10-19,2.900000,2.900000,2.900000,2.900000,18.609200,0
2018-10-22,2.860000,2.860000,2.860000,2.860000,18.352522,0
2018-10-23,2.820000,2.820000,2.810000,2.810000,18.031672,0
2018-10-24,2.860000,2.860000,2.860000,2.860000,18.352522,0
2018-10-25,2.830000,2.830000,2.830000,2.830000,18.160011,0
2018-10-26,2.780000,2.780000,2.780000,2.780000,17.839165,0
2018-10-29,2.740000,2.740000,2.740000,2.740000,17.582485,0
2018-10-30,2.710000,2.710000,2.710000,2.710000,17.389977,0
2018-10-31,2.730000,2.730000,2.730000,2.730000,17.518316,0
2018-11-01,2.500000,2.550000,2.500000,2.510000,16.106583,0
2018-11-02,2.550000,2.550000,2.550000,2.550000,16.363262,0
2018-11-05,2.510000,2.510000,2.510000,2.510000,16.106583,0
2018-11-06,2.490000,2.500000,2.490000,2.500000,16.042414,0
2018-11-07,2.520000,2.520000,2.520000,2.520000,16.170752,0
2018-11-08,2.520000,2.520000,2.520000,2.520000,16.170752,0
2018-11-09,2.540000,2.540000,2.540000,2.540000,16.299091,0
2018-11-12,2.510000,2.510000,2.510000,2.510000,16.106583,0
2018-11-13,2.440000,2.440000,2.440000,2.440000,15.657396,0
2018-11-14,2.410000,2.420000,2.410000,2.420000,15.529057,0
2018-11-15,2.380000,2.390000,2.380000,2.390000,15.336549,0
2018-11-16,2.340000,2.340000,2.340000,2.340000,15.015698,0
2018-11-19,2.370000,2.370000,2.370000,2.370000,15.208207,0
2018-11-20,2.340000,2.340000,2.340000,2.340000,15.015698,0
2018-11-21,2.330000,2.330000,2.330000,2.330000,14.951529,0
2018-11-22,2.380000,2.380000,2.380000,2.380000,15.272378,0
2018-11-23,2.380000,2.400000,2.380000,2.400000,15.400718,0
2018-11-26,2.430000,2.430000,2.430000,2.430000,15.593225,0
2018-11-27,2.410000,2.410000,2.410000,2.410000,15.464887,0
2018-11-28,2.480000,2.480000,2.480000,2.480000,15.914075,0
2018-11-29,2.540000,2.540000,2.530000,2.530000,16.234922,0
2018-11-30,2.480000,2.490000,2.480000,2.490000,15.978244,0
2018-12-03,2.540000,2.540000,2.540000,2.540000,16.299091,0
2018-12-04,2.480000,2.480000,2.480000,2.480000,15.914075,0
2018-12-05,2.520000,2.520000,2.520000,2.520000,16.170752,0
2018-12-06,2.420000,2.420000,2.410000,2.410000,15.464887,0
2018-12-07,2.440000,2.440000,2.440000,2.440000,15.657396,0
2018-12-10,2.430000,2.430000,2.430000,2.430000,15.593225,0
2018-12-11,2.430000,2.430000,2.430000,2.430000,15.593225,0
2018-12-12,2.400000,2.400000,2.400000,2.400000,15.400718,0
2018-12-13,2.400000,2.400000,2.400000,2.400000,15.400718,0
2018-12-14,2.270000,2.270000,2.270000,2.270000,14.566512,0
2018-12-17,2.230000,2.230000,2.230000,2.230000,14.309834,0
2018-12-18,2.180000,2.180000,2.180000,2.180000,13.988985,0
2018-12-19,2.150000,2.150000,2.150000,2.150000,13.796476,0
2018-12-20,2.080000,2.080000,2.080000,2.080000,13.347288,0
2018-12-21,2.100000,2.100000,2.100000,2.100000,13.475626,0
2018-12-27,2.090000,2.090000,2.090000,2.090000,13.411457,0
2018-12-28,2.140000,2.190000,2.140000,2.190000,14.053155,0
2019-01-02,2.160000,2.160000,2.160000,2.160000,13.860646,0
2019-01-03,2.220000,2.220000,2.220000,2.220000,14.245663,0
2019-01-04,2.190000,2.190000,2.190000,2.190000,14.053155,0
2019-01-07,2.250000,2.250000,2.250000,2.250000,14.438172,0
2019-01-08,2.270000,2.270000,2.270000,2.270000,14.566512,0
2019-01-09,2.310000,2.310000,2.310000,2.310000,14.823189,0
2019-01-10,2.310000,2.310000,2.310000,2.310000,14.823189,0
2019-01-11,2.310000,2.310000,2.310000,2.310000,14.823189,0
2019-01-14,2.320000,2.320000,2.320000,2.320000,14.887360,0
2019-01-15,2.360000,2.360000,2.360000,2.360000,15.144038,0
2019-01-16,2.350000,2.350000,2.350000,2.350000,15.079867,0
2019-01-17,2.360000,2.360000,2.360000,2.360000,15.144038,0
2019-01-18,2.320000,2.320000,2.320000,2.320000,14.887360,0
2019-01-21,2.310000,2.310000,2.310000,2.310000,14.823189,0
2019-01-22,2.300000,2.300000,2.300000,2.300000,14.759020,0
2019-01-23,2.300000,2.300000,2.300000,2.300000,14.759020,0
2019-01-24,2.360000,2.360000,2.360000,2.360000,15.144038,0
2019-01-25,2.400000,2.400000,2.400000,2.400000,15.400718,0
2019-01-28,2.320000,2.320000,2.320000,2.320000,14.887360,0
2019-01-29,2.330000,2.330000,2.330000,2.330000,14.951529,0
2019-01-30,2.310000,2.310000,2.310000,2.310000,14.823189,0
2019-01-31,2.310000,2.310000,2.310000,2.310000,14.823189,0
2019-02-01,2.290000,2.290000,2.290000,2.290000,14.694851,0
2019-02-04,2.310000,2.310000,2.310000,2.310000,14.823189,0
2019-02-05,2.520000,2.590000,2.520000,2.520000,16.170752,300
2019-02-06,2.580000,2.580000,2.580000,2.580000,16.555771,0
2019-02-07,2.460000,2.460000,2.460000,2.460000,15.785735,0
2019-02-08,2.460000,2.460000,2.460000,2.460000,15.785735,0
2019-02-11,2.460000,2.460000,2.460000,2.460000,15.785735,0
2019-02-12,2.490000,2.490000,2.480000,2.480000,15.914075,0
2019-02-13,2.550000,2.550000,2.550000,2.550000,16.363262,0
2019-02-14,2.500000,2.500000,2.500000,2.500000,16.042414,0
2019-02-15,2.460000,2.460000,2.460000,2.460000,15.785735,0
2019-02-18,2.460000,2.460000,2.460000,2.460000,15.785735,0
2019-02-19,2.460000,2.460000,2.460000,2.460000,15.785735,0
2019-02-20,2.430000,2.430000,2.430000,2.430000,15.593225,0
2019-02-21,2.460000,2.460000,2.460000,2.460000,15.785735,0
2019-02-22,2.440000,2.440000,2.440000,2.440000,15.657396,0
2019-02-25,2.420000,2.420000,2.420000,2.420000,15.529057,0
2019-02-26,2.410000,2.410000,2.410000,2.410000,15.464887,0
2019-02-27,2.400000,2.400000,2.400000,2.400000,15.400718,0
2019-02-28,2.340000,2.340000,2.340000,2.340000,15.015698,0
2019-03-01,2.290000,2.290000,2.290000,2.290000,14.694851,0
2019-03-04,2.280000,2.280000,2.280000,2.280000,14.630681,0
2019-03-05,2.270000,2.270000,2.270000,2.270000,14.566512,0
2019-03-06,2.310000,2.310000,2.310000,2.310000,14.823189,0
2019-03-07,2.280000,2.280000,2.280000,2.280000,14.630681,0
2019-03-08,2.250000,2.250000,2.250000,2.250000,14.438172,0
2019-03-11,2.250000,2.250000,2.250000,2.250000,14.438172,0
2019-03-12,2.260000,2.260000,2.260000,2.260000,14.502341,0
2019-03-13,2.210000,2.210000,2.210000,2.210000,14.181494,0
2019-03-14,2.190000,2.190000,2.190000,2.190000,14.053155,0
2019-03-15,2.180000,2.180000,2.180000,2.180000,13.988985,0
2019-03-18,2.200000,2.200000,2.200000,2.200000,14.117325,0
2019-03-19,2.200000,2.200000,2.200000,2.200000,14.117325,0
2019-03-20,2.160000,2.160000,2.160000,2.160000,13.860646,0
2019-03-21,2.170000,2.170000,2.170000,2.170000,13.924815,0
2019-03-22,2.150000,2.180000,2.150000,2.180000,13.988985,0
2019-03-25,2.140000,2.140000,2.140000,2.140000,13.732306,0
2019-03-26,2.200000,2.200000,2.200000,2.200000,14.117325,0
2019-03-27,2.130000,2.130000,2.130000,2.130000,-4.515000,0
2019-03-28,2.130000,2.130000,2.130000,2.130000,-4.515000,0
2019-03-29,2.150000,2.150000,2.150000,2.150000,-4.557395,0
2019-04-01,2.140000,2.140000,2.140000,2.140000,-4.536197,0
2019-04-02,2.170000,2.170000,2.170000,2.170000,-4.599789,0
2019-04-03,2.190000,2.190000,2.190000,2.190000,-4.642183,0
2019-04-04,2.190000,2.190000,2.190000,2.190000,-4.642183,0
2019-04-05,2.200000,2.200000,2.200000,2.200000,-4.663381,0
2019-04-08,2.200000,2.200000,2.200000,2.200000,-4.663381,0
2019-04-09,2.186000,2.186000,2.186000,2.186000,-4.633705,0
2019-04-10,2.197500,2.197500,2.197500,2.197500,-4.658081,0
2019-04-11,2.180500,2.180500,2.180500,2.180500,-4.622046,0
2019-04-12,2.149500,2.149500,2.149500,2.149500,-4.556334,0
2019-04-15,2.182500,2.182500,2.182500,2.182500,-4.626285,0
2019-04-16,2.198000,2.198000,2.198000,2.198000,-4.659141,0
2019-04-17,2.180500,2.180500,2.180500,2.180500,-4.622046,0
2019-04-18,2.161000,2.161000,2.161000,2.161000,-4.580711,0
2019-04-23,2.256500,2.256500,2.256500,2.256500,-4.783144,0
2019-04-24,2.296500,2.296500,2.296500,2.296500,-4.867933,0
2019-04-25,2.325500,2.370000,2.325500,2.370000,-5.023732,9000
2019-04-26,2.359000,2.359000,2.359000,2.359000,-5.000415,0
2019-04-29,2.340500,2.340500,2.340500,2.340500,-4.961201,0
2019-04-30,2.338500,2.338500,2.338500,2.338500,-4.956961,0
2019-05-02,2.333000,2.333000,2.333000,2.333000,-4.945302,0
2019-05-03,2.342000,2.342000,2.342000,2.342000,-4.964380,0
2019-05-06,2.352500,2.352500,2.352500,2.352500,-4.986637,0
2019-05-07,2.410500,2.410500,2.410500,2.410500,-5.109581,0
2019-05-08,2.478000,2.478000,2.478000,2.478000,-5.252662,0
2019-05-09,2.710500,2.710500,2.710500,2.710500,-5.745496,0
2019-05-10,2.694500,2.694500,2.694500,2.694500,-5.711581,0
2019-05-13,2.626000,2.626000,2.626000,2.626000,-5.566380,0
2019-05-14,2.578000,2.578000,2.578000,2.578000,-5.464634,0
2019-05-15,2.502500,2.570500,2.502500,2.570500,-5.448736,200
2019-05-16,2.540500,2.540500,2.540500,2.540500,-5.385144,0
2019-05-17,2.536500,2.536500,2.536500,2.536500,-5.376666,0
2019-05-20,2.536500,2.536500,2.536500,2.536500,-5.376666,0
2019-05-21,2.448500,2.448500,2.448500,2.448500,-5.190130,0
2019-05-22,2.456000,2.456000,2.456000,2.456000,-5.206028,0
2019-05-23,2.447000,2.447000,2.447000,2.447000,-5.186951,0
2019-05-24,2.463000,2.463000,2.463000,2.463000,-5.220866,0
2019-05-27,2.476000,2.476000,2.476000,2.476000,-5.248423,0
2019-05-28,2.485000,2.485000,2.485000,2.485000,-5.267500,0
2019-05-29,2.507000,2.511500,2.507000,2.511500,-5.323672,0
2019-05-30,2.488000,2.488000,2.486500,2.488000,-5.273859,0
2019-05-31,2.546500,2.546500,2.546500,2.546500,-5.397862,0
2019-06-03,2.545000,2.545000,2.545000,2.545000,-5.394683,0
2019-06-04,2.477500,2.477500,2.477500,2.477500,-5.251602,0
2019-06-05,2.480000,2.480000,2.480000,2.480000,-5.256901,0
2019-06-06,2.376000,2.376000,2.376000,2.376000,-5.036450,0
2019-06-07,2.415000,2.415000,2.415000,2.415000,-5.119120,0
2019-06-11,2.511000,2.518500,2.511000,2.517500,-5.336390,0
2019-06-12,2.446000,2.447500,2.442500,2.447500,-5.188011,0
2019-06-13,2.457500,2.461000,2.457500,2.461000,-5.216627,0
2019-06-14,2.472500,2.481500,2.472500,2.481000,-5.259021,0
2019-06-17,2.488000,2.488000,2.482500,2.482500,-5.262201,0
2019-06-18,2.522500,2.534000,2.522500,2.534000,-5.371366,0
2019-06-19,2.588000,2.588000,2.588000,2.588000,-5.485831,0
2019-06-20,2.594500,2.594500,2.583000,2.583000,-5.475232,500
2019-06-21,2.556000,2.556000,2.530000,2.530000,-5.362887,0
2019-06-24,2.557500,2.557500,2.557500,2.557500,-5.421179,0
2019-06-25,2.564000,2.564000,2.564000,2.564000,-5.434958,0
2019-06-26,2.553000,2.553000,2.553000,2.553000,-5.411641,0
2019-06-27,2.573000,2.573000,2.573000,2.573000,-5.454035,0
2019-06-28,2.547000,2.547000,2.547000,2.547000,-5.398922,0
2019-07-01,2.556000,2.556000,2.556000,2.556000,-5.418000,0
2019-07-02,2.548000,2.548000,2.548000,2.548000,-5.401042,0
2019-07-03,2.539500,2.539500,2.539500,2.539500,-5.383025,0
2019-07-04,2.579500,2.579500,2.579500,2.579500,-5.467813,0
2019-07-05,2.619000,2.619000,2.619000,2.619000,-5.551542,0
2019-07-08,2.620000,2.620000,2.620000,2.620000,-5.553662,0
2019-07-09,2.685500,2.685500,2.685500,2.685500,-5.692503,0
2019-07-10,2.700000,2.700000,2.700000,2.700000,-5.723239,0
2019-07-11,2.765000,2.765000,2.765000,2.765000,-5.861022,0
2019-07-12,2.740000,2.740000,2.740000,2.740000,-5.808028,0
2019-07-15,2.740000,2.740000,2.740000,2.740000,-5.808028,0
2019-07-16,2.680000,2.680000,2.680000,2.680000,-5.680845,0
2019-07-17,2.683000,2.683000,2.683000,2.683000,-5.687204,0
2019-07-18,2.625000,2.625000,2.625000,2.625000,-5.564260,0
2019-07-19,2.655000,2.655000,2.655000,2.655000,-5.627852,0
2019-07-22,2.655500,2.655500,2.655500,2.655500,-5.628912,0
2019-07-23,2.678000,2.678000,2.678000,2.678000,-5.676606,0
2019-07-24,2.685500,2.685500,2.685500,2.685500,-5.692503,0
2019-07-25,2.680500,2.680500,2.680500,2.680500,-5.681905,0
2019-07-26,2.648500,2.648500,2.648500,2.648500,-5.614074,0
2019-07-29,2.662000,2.662000,2.662000,2.662000,-5.642690,0
2019-07-30,2.660000,2.660000,2.660000,2.660000,-5.638451,0
2019-07-31,2.623000,2.623000,2.623000,2.623000,-5.560021,0
2019-08-01,2.649500,2.649500,2.649500,2.649500,-5.616193,0
2019-08-02,2.668000,2.668000,2.668000,2.668000,-5.655408,0
2019-08-05,2.342500,2.342500,2.342500,2.342500,-4.965440,0
2019-08-06,2.310000,2.310000,2.310000,2.310000,-4.896549,0
2019-08-07,2.384000,2.441500,2.384000,2.441500,-5.175292,200
2019-08-08,2.362000,2.362000,2.362000,2.362000,-5.006774,0
2019-08-09,2.404000,2.404000,2.404000,2.404000,-5.095803,0
2019-08-12,2.412000,2.412000,2.412000,2.412000,-5.112761,0
2019-08-13,2.349500,2.349500,2.349500,2.349500,-4.980278,0
2019-08-14,2.345500,2.345500,2.345500,2.345500,-4.971799,0
2019-08-15,2.271500,2.271500,2.271500,2.271500,-4.814940,0
2019-08-16,2.242500,2.242500,2.242500,2.242500,-4.753469,0
2019-08-19,2.240000,2.240000,2.240000,2.240000,-4.748169,0
2019-08-20,2.280500,2.280500,2.280500,2.280500,-4.834017,0
2019-08-21,2.261500,2.261500,2.261500,2.261500,-4.793743,0
2019-08-22,2.243000,2.243000,2.237500,2.242500,-4.753469,0
2019-08-23,2.240000,2.240000,2.240000,2.240000,-4.748169,0
2019-08-26,2.210000,2.210000,2.210000,2.210000,-4.684577,0
2019-08-27,2.217000,2.217000,2.217000,2.217000,-4.699416,0
2019-08-28,2.200500,2.200500,2.200500,2.200500,-4.664440,0
2019-08-29,2.216500,2.216500,2.216500,2.216500,-4.698356,0
2019-08-30,2.232500,2.232500,2.232500,2.232500,-4.732271,0
2019-09-02,2.256500,2.256500,2.256500,2.256500,-4.783144,0
2019-09-03,2.340500,2.340500,2.340500,2.340500,-4.961201,0
2019-09-04,2.381000,2.381000,2.381000,2.381000,-5.047050,0
2019-09-05,2.400500,2.400500,2.400500,2.400500,-5.088384,0
2019-09-06,2.371000,2.371000,2.371000,2.371000,-5.025852,0
2019-09-09,2.427500,2.427500,2.427500,2.427500,-5.145616,0
2019-09-10,2.412500,2.412500,2.412500,2.412500,-5.113820,0
2019-09-11,2.468500,2.468500,2.468500,2.468500,-5.232524,0
2019-09-12,2.530000,2.599000,2.530000,2.599000,-5.509148,1000
2019-09-13,2.637500,2.637500,2.637500,2.637500,-5.590757,0
2019-09-16,2.641000,2.641000,2.641000,2.641000,-5.598176,0
2019-09-17,2.642500,2.642500,2.642500,2.642500,-5.601356,0
2019-09-18,2.586500,2.586500,2.586500,2.586500,-5.482651,0
2019-09-19,2.607500,2.607500,2.607500,2.607500,-5.527166,0
2019-09-20,2.614500,2.614500,2.614500,2.614500,-5.542004,0
2019-09-23,2.616000,2.616000,2.616000,2.616000,-5.545183,0
2019-09-24,2.603500,2.665500,2.603500,2.665500,-5.650109,6050
2019-09-25,2.562000,2.562000,2.562000,2.562000,-5.430718,0
2019-09-26,2.556500,2.556500,2.556500,2.556500,-5.419060,0
2019-09-27,2.548500,2.548500,2.548500,2.548500,-5.402102,0
2019-09-30,2.560000,2.560000,2.560000,2.560000,-5.426479,0
2019-10-01,2.600000,2.600000,2.600000,2.600000,-5.511267,0
2019-10-02,2.600000,2.600000,2.600000,2.600000,-5.511267,0
2019-10-04,2.700000,2.720000,2.700000,2.720000,-5.765634,0
2019-10-07,2.680000,2.680000,2.680000,2.680000,-5.680845,0
2019-10-08,2.660000,2.660000,2.660000,2.660000,-5.638451,0
2019-10-09,2.660000,2.660000,2.660000,2.660000,-5.638451,0
2019-10-10,2.660000,2.660000,2.660000,2.660000,-5.638451,0
2019-10-11,2.660000,2.660000,2.660000,2.660000,-5.638451,0
2019-10-14,2.660000,2.660000,2.660000,2.660000,-5.638451,0
2019-10-15,2.760000,2.760000,2.760000,2.760000,-5.850422,0
2019-10-16,2.720000,2.720000,2.720000,2.720000,-5.765634,0
2019-10-17,2.720000,2.720000,2.720000,2.720000,-5.765634,0
2019-10-18,2.720000,2.720000,2.720000,2.720000,-5.765634,0
2019-10-21,2.720000,2.780000,2.720000,2.780000,-5.892817,200
2019-10-22,2.720000,2.780000,2.720000,2.780000,-5.892817,600
2019-10-23,2.720000,2.720000,2.720000,2.720000,-5.765634,0
2019-10-24,2.740000,2.740000,2.740000,2.740000,-5.808028,0
2019-10-25,2.680000,2.680000,2.680000,2.680000,-5.680845,0
2019-10-28,2.700000,2.700000,2.680000,2.680000,-5.680845,0
2019-10-29,2.720000,2.720000,2.720000,2.720000,-5.765634,0
2019-10-30,2.700000,2.700000,2.700000,2.700000,-5.723239,0
2019-10-31,2.720000,2.740000,2.720000,2.740000,-5.808028,0
2019-11-01,2.700000,2.700000,2.700000,2.700000,-5.723239,0
2019-11-04,2.700000,2.700000,2.700000,2.700000,-5.723239,0
2019-11-05,3.140000,3.140000,3.140000,3.140000,-6.655916,0
2019-11-06,2.980000,2.980000,2.980000,2.980000,-6.316761,0
2019-11-07,3.060000,3.060000,3.060000,3.060000,-6.486338,0
2019-11-08,3.040000,3.040000,3.040000,3.040000,-6.443944,0
2019-11-11,3.080000,3.080000,3.080000,3.080000,-6.528732,0
2019-11-12,3.180000,3.180000,3.180000,3.180000,-6.740705,0
2019-11-13,3.160000,3.260000,3.160000,3.260000,-6.910282,0
2019-11-14,3.700000,3.700000,3.700000,3.700000,-7.842958,0
2019-11-15,3.440000,3.520000,3.440000,3.520000,-7.461409,500
2019-11-18,3.460000,3.460000,3.460000,3.460000,-7.334226,0
2019-11-19,3.180000,3.180000,3.180000,3.180000,-6.740705,0
2019-11-20,3.160000,3.160000,3.160000,3.160000,-6.698310,0
2019-11-21,3.120000,3.120000,3.120000,3.120000,-6.613521,0
2019-11-22,3.240000,3.240000,3.240000,3.240000,-6.867887,0
2019-11-25,3.260000,3.260000,3.260000,3.260000,-6.910282,0
2019-11-26,3.160000,3.160000,3.160000,3.160000,-6.698310,0
2019-11-27,3.060000,3.060000,3.060000,3.060000,-6.486338,0
2019-11-28,3.100000,3.160000,3.100000,3.160000,-6.698310,3200
2019-11-29,3.100000,3.100000,3.100000,3.100000,-6.571126,0
2019-12-02,3.140000,3.140000,3.140000,3.140000,-6.655916,0
2019-12-03,3.100000,3.100000,3.100000,3.100000,-6.571126,0
2019-12-04,3.080000,3.080000,3.080000,3.080000,-6.528732,0
2019-12-05,3.120000,3.120000,3.120000,3.120000,-6.613521,0
2019-12-06,3.100000,3.100000,3.100000,3.100000,-6.571126,0
2019-12-09,3.100000,3.100000,3.100000,3.100000,-6.571126,0
2019-12-10,3.100000,3.100000,3.080000,3.080000,-6.528732,0
2019-12-11,3.180000,3.180000,3.180000,3.180000,-6.740705,0
2019-12-12,3.160000,3.160000,3.140000,3.140000,-6.655916,0
2019-12-13,3.240000,3.260000,3.240000,3.260000,-6.910282,0
2019-12-16,3.360000,3.360000,3.360000,3.360000,-7.122253,0
2019-12-17,3.380000,3.380000,3.380000,3.380000,-7.164648,0
2019-12-18,3.420000,3.420000,3.420000,3.420000,-7.249437,0
2019-12-19,3.480000,3.700000,3.480000,3.700000,-7.842958,1500
2019-12-20,3.540000,3.540000,3.540000,3.540000,-7.503803,0
2019-12-23,3.640000,3.640000,3.640000,3.640000,-7.715775,0
2019-12-27,3.720000,3.720000,3.720000,3.720000,-7.885352,0
2019-12-30,3.720000,3.720000,3.720000,3.720000,-7.885352,0
2020-01-02,3.780000,3.780000,3.780000,3.780000,-8.012535,0
2020-01-03,3.780000,3.780000,3.780000,3.780000,-8.012535,0
2020-01-06,3.760000,3.760000,3.760000,3.760000,-7.970141,0
2020-01-07,3.700000,3.700000,3.700000,3.700000,-7.842958,0
2020-01-08,3.700000,3.700000,3.700000,3.700000,-7.842958,0
2020-01-09,3.860000,3.860000,3.860000,3.860000,-8.182113,0
2020-01-10,3.900000,3.900000,3.900000,3.900000,-8.266902,0
2020-01-13,4.000000,4.000000,3.980000,3.980000,-8.436479,2125
2020-01-14,3.780000,3.780000,3.780000,3.780000,-8.012535,0
2020-01-15,3.700000,3.800000,3.700000,3.800000,-8.054930,15
2020-01-16,3.720000,3.800000,3.720000,3.800000,-8.054930,0
2020-01-17,3.620000,3.620000,3.620000,3.620000,-7.673380,0
2020-01-20,3.660000,3.660000,3.660000,3.660000,-7.758169,0
2020-01-21,3.660000,3.660000,3.660000,3.660000,-7.758169,0
2020-01-22,3.720000,3.720000,3.720000,3.720000,-7.885352,0
2020-01-23,3.660000,3.660000,3.660000,3.660000,-7.758169,0
2020-01-24,3.720000,3.720000,3.720000,3.720000,-7.885352,0
2020-01-27,3.640000,3.640000,3.640000,3.640000,-7.715775,0
2020-01-28,3.640000,3.640000,3.640000,3.640000,-7.715775,0
2020-01-29,3.680000,3.680000,3.680000,3.680000,-7.800563,0
2020-01-30,3.600000,3.600000,3.600000,3.600000,-7.630986,0
2020-01-31,3.600000,3.600000,3.600000,3.600000,-7.630986,0
2020-02-03,3.480000,3.480000,3.480000,3.480000,-7.376620,0
2020-02-04,3.440000,3.440000,3.440000,3.440000,-7.291831,0
2020-02-05,3.440000,3.440000,3.440000,3.440000,-7.291831,0
2020-02-06,3.640000,3.640000,3.640000,3.640000,-7.715775,0
2020-02-07,3.580000,3.580000,3.580000,3.580000,-7.588592,0
2020-02-10,3.640000,3.640000,3.640000,3.640000,-7.715775,0
2020-02-11,3.660000,3.660000,3.660000,3.660000,-7.758169,0
2020-02-12,3.720000,3.720000,3.720000,3.720000,-7.885352,0
2020-02-13,3.740000,3.740000,3.740000,3.740000,-7.927746,0
2020-02-14,3.760000,3.760000,3.760000,3.760000,-7.970141,0
2020-02-17,3.720000,3.720000,3.720000,3.720000,-7.885352,0
2020-02-18,3.600000,3.600000,3.600000,3.600000,-7.630986,0
2020-02-19,3.580000,3.580000,3.580000,3.580000,-7.588592,0
2020-02-20,3.480000,3.480000,3.480000,3.480000,-7.376620,0
2020-02-21,3.620000,3.620000,3.620000,3.620000,-7.673380,0
2020-02-24,3.620000,3.620000,3.620000,3.620000,-7.673380,0
2020-02-25,3.560000,3.560000,3.560000,3.560000,-7.546197,0
2020-02-26,3.520000,3.520000,3.520000,3.520000,-7.461409,0
2020-02-27,3.380000,3.380000,3.380000,3.380000,-7.164648,0
2020-02-28,3.180000,3.320000,3.180000,3.200000,-6.783099,9450
2020-03-02,3.420000,3.420000,3.420000,3.420000,-7.249437,0
2020-03-03,3.400000,3.400000,3.400000,3.400000,-7.207043,0
2020-03-04,3.300000,3.300000,3.300000,3.300000,-6.995070,0
2020-03-05,3.260000,3.260000,3.260000,3.260000,-6.910282,0
2020-03-06,3.260000,3.260000,3.260000,3.260000,-6.910282,0
2020-03-09,3.060000,3.060000,3.000000,3.000000,-6.359155,3125
2020-03-10,3.140000,3.140000,3.140000,3.140000,-6.655916,0
2020-03-11,3.020000,3.020000,3.020000,3.020000,-6.401549,0
2020-03-12,2.980000,2.980000,2.980000,2.980000,-6.316761,0
2020-03-13,2.880000,2.880000,2.880000,2.880000,-6.104789,0
2020-03-16,2.680000,2.680000,2.680000,2.680000,-5.680845,0
2020-03-17,2.720000,2.720000,2.720000,2.720000,-5.765634,0
2020-03-18,2.680000,2.680000,2.680000,2.680000,-5.680845,0
2020-03-19,2.380000,2.400000,2.380000,2.400000,-5.087324,1000
2020-03-20,2.420000,2.420000,2.420000,2.420000,-5.129718,0
2020-03-23,2.440000,2.440000,2.440000,2.440000,-5.172113,0
2020-03-24,2.760000,2.760000,2.760000,2.760000,-5.850422,0
2020-03-25,2.820000,2.820000,2.820000,2.820000,-5.977605,0
2020-03-26,2.680000,2.680000,2.680000,2.680000,-5.680845,0
2020-03-27,2.840000,2.840000,2.840000,2.840000,-6.020000,0
2020-03-30,2.840000,2.840000,2.840000,2.840000,2.840000,0
2020-03-31,2.900000,2.900000,2.900000,2.900000,2.900000,0
2020-04-01,2.760000,2.760000,2.760000,2.760000,2.760000,0
2020-04-02,2.720000,2.720000,2.720000,2.720000,2.720000,0
2020-04-03,2.620000,2.620000,2.620000,2.620000,2.620000,0
2020-04-06,2.880000,2.880000,2.880000,2.880000,2.880000,0
2020-04-07,2.960000,2.960000,2.960000,2.960000,2.960000,0
2020-04-08,3.020000,3.020000,3.020000,3.020000,3.020000,0
2020-04-09,3.020000,3.020000,3.020000,3.020000,3.020000,0
2020-04-14,3.120000,3.120000,3.120000,3.120000,3.120000,0
2020-04-15,3.080000,3.080000,3.080000,3.080000,3.080000,0
2020-04-16,3.080000,3.080000,3.080000,3.080000,3.080000,0
2020-04-17,3.260000,3.260000,3.260000,3.260000,3.260000,0
2020-04-20,3.320000,3.320000,3.320000,3.320000,3.320000,0
2020-04-21,3.260000,3.260000,3.260000,3.260000,3.260000,0
2020-04-22,3.220000,3.220000,3.220000,3.220000,3.220000,0
2020-04-23,3.320000,3.320000,3.320000,3.320000,3.320000,0
2020-04-24,3.460000,3.460000,3.460000,3.460000,3.460000,0
2020-04-27,3.540000,3.540000,3.540000,3.540000,3.540000,0
2020-04-28,3.440000,3.440000,3.440000,3.440000,3.440000,0
2020-04-29,3.460000,3.460000,3.460000,3.460000,3.460000,0
2020-04-30,3.560000,3.560000,3.560000,3.560000,3.560000,0
2020-05-04,3.520000,3.520000,3.520000,3.520000,3.520000,0
2020-05-05,3.620000,3.620000,3.620000,3.620000,3.620000,0
2020-05-06,3.660000,3.660000,3.660000,3.660000,3.660000,0
2020-05-07,3.780000,3.880000,3.780000,3.880000,3.880000,900
2020-05-08,3.720000,3.720000,3.720000,3.720000,3.720000,0
2020-05-11,3.740000,3.740000,3.740000,3.740000,3.740000,0
2020-05-12,3.720000,3.720000,3.720000,3.720000,3.720000,0
2020-05-13,3.780000,3.780000,3.780000,3.780000,3.780000,0
2020-05-14,3.740000,3.740000,3.740000,3.740000,3.740000,0
2020-05-15,3.720000,3.720000,3.720000,3.720000,3.720000,0
2020-05-18,3.660000,3.660000,3.660000,3.660000,3.660000,0
2020-05-19,3.700000,3.700000,3.700000,3.700000,3.700000,0
2020-05-20,3.720000,3.720000,3.720000,3.720000,3.720000,0
2020-05-21,3.740000,3.740000,3.740000,3.740000,3.740000,0
2020-05-22,3.680000,3.680000,3.680000,3.680000,3.680000,0
2020-05-25,3.760000,3.760000,3.760000,3.760000,3.760000,0
2020-05-26,3.880000,3.880000,3.880000,3.880000,3.880000,0
2020-05-27,3.800000,3.800000,3.800000,3.800000,3.800000,0
2020-05-28,3.720000,3.720000,3.720000,3.720000,3.720000,0
2020-05-29,3.640000,3.720000,3.640000,3.720000,3.720000,340
2020-06-02,3.780000,3.780000,3.780000,3.780000,3.780000,0
2020-06-03,3.700000,3.700000,3.700000,3.700000,3.700000,0
2020-06-04,3.740000,3.740000,3.740000,3.740000,3.740000,0
2020-06-05,3.500000,3.500000,3.500000,3.500000,3.500000,0
2020-06-08,3.540000,3.540000,3.540000,3.540000,3.540000,0
2020-06-09,3.660000,3.660000,3.660000,3.660000,3.660000,0
2020-06-10,3.680000,3.680000,3.680000,3.680000,3.680000,0
2020-06-11,3.600000,3.600000,3.600000,3.600000,3.600000,0
2020-06-12,3.720000,3.720000,3.720000,3.720000,3.720000,0
2020-06-15,3.640000,3.640000,3.640000,3.640000,3.640000,0
2020-06-16,3.740000,3.740000,3.740000,3.740000,3.740000,0
2020-06-17,4.000000,4.000000,4.000000,4.000000,4.000000,0
2020-06-18,4.120000,4.120000,4.120000,4.120000,4.120000,0
2020-06-19,4.200000,4.200000,4.200000,4.200000,4.200000,0
2020-06-22,4.440000,4.440000,4.440000,4.440000,4.440000,100
2020-06-23,4.540000,4.540000,4.540000,4.540000,4.540000,0
2020-06-24,4.420000,4.420000,4.420000,4.420000,4.420000,0
2020-06-25,4.420000,4.420000,4.420000,4.420000,4.420000,0
2020-06-26,4.400000,4.400000,4.400000,4.400000,4.400000,0
2020-06-29,4.300000,4.300000,4.300000,4.300000,4.300000,0
2020-06-30,4.300000,4.300000,4.300000,4.300000,4.300000,0
2020-07-01,4.140000,4.140000,4.140000,4.140000,4.140000,0
2020-07-02,4.180000,4.180000,4.180000,4.180000,4.180000,0
2020-07-03,4.280000,4.280000,4.280000,4.280000,4.280000,0
2020-07-06,4.320000,4.320000,4.320000,4.320000,4.320000,0
2020-07-07,4.380000,4.380000,4.380000,4.380000,4.380000,100
2020-07-08,4.400000,4.400000,4.400000,4.400000,4.400000,0
2020-07-09,4.380000,4.380000,4.380000,4.380000,4.380000,0
2020-07-10,4.360000,4.360000,4.360000,4.360000,4.360000,0
2020-07-13,4.360000,4.360000,4.360000,4.360000,4.360000,0
2020-07-14,4.220000,4.220000,4.220000,4.220000,4.220000,0
2020-07-15,4.320000,4.320000,4.320000,4.320000,4.320000,500
2020-07-16,4.140000,4.140000,4.140000,4.140000,4.140000,750
2020-07-17,4.120000,4.120000,4.120000,4.120000,4.120000,0
2020-07-20,null,null,null,null,null,null
2020-07-21,4.240000,4.240000,4.240000,4.240000,4.240000,0
2020-07-22,4.160000,4.160000,4.160000,4.160000,4.160000,0
2020-07-23,4.160000,4.160000,4.160000,4.160000,4.160000,0
2020-07-24,4.180000,4.180000,4.180000,4.180000,4.180000,0
2020-07-27,4.240000,4.360000,4.240000,4.360000,4.360000,20
2020-07-28,4.200000,4.200000,4.200000,4.200000,4.200000,0
2020-07-29,4.160000,4.160000,4.160000,4.160000,4.160000,0
2020-07-30,4.240000,4.240000,4.240000,4.240000,4.240000,0
2020-07-31,4.460000,4.460000,4.460000,4.460000,4.460000,0
2020-08-03,5.200000,5.200000,5.150000,5.150000,5.150000,500
2020-08-04,5.050000,5.050000,5.050000,5.050000,5.050000,0
2020-08-05,4.940000,5.050000,4.940000,5.050000,5.050000,500
2020-08-06,5.050000,5.050000,5.050000,5.050000,5.050000,0
2020-08-07,5.150000,5.150000,5.150000,5.150000,5.150000,0
2020-08-10,5.150000,5.150000,5.150000,5.150000,5.150000,0
2020-08-11,4.980000,4.980000,4.980000,4.980000,4.980000,0
2020-08-12,4.980000,4.980000,4.980000,4.980000,4.980000,0
2020-08-13,5.050000,5.050000,5.050000,5.050000,5.050000,0
2020-08-14,5.100000,5.100000,5.100000,5.100000,5.100000,0
2020-08-17,5.100000,5.100000,5.100000,5.100000,5.100000,0
2020-08-18,5.200000,5.350000,5.200000,5.350000,5.350000,93
2020-08-19,5.400000,5.400000,5.400000,5.400000,5.400000,0
2020-08-20,5.150000,5.150000,5.150000,5.150000,5.150000,0
2020-08-21,5.300000,5.300000,5.300000,5.300000,5.300000,0
2020-08-24,5.450000,5.450000,5.450000,5.450000,5.450000,0
2020-08-25,5.500000,5.500000,5.500000,5.500000,5.500000,0
2020-08-26,5.500000,5.500000,5.500000,5.500000,5.500000,0
2020-08-27,5.700000,5.700000,5.700000,5.700000,5.700000,100
2020-08-28,5.450000,5.450000,5.450000,5.450000,5.450000,0
2020-08-31,5.550000,5.650000,5.550000,5.650000,5.650000,792
2020-09-01,5.400000,5.400000,5.400000,5.400000,5.400000,0
2020-09-02,5.500000,5.500000,5.500000,5.500000,5.500000,0
2020-09-03,5.500000,5.500000,5.500000,5.500000,5.500000,0
2020-09-04,5.300000,5.300000,5.300000,5.300000,5.300000,0
2020-09-07,5.150000,5.150000,5.150000,5.150000,5.150000,0
2020-09-08,5.200000,5.200000,5.200000,5.200000,5.200000,0
2020-09-09,5.050000,5.050000,5.050000,5.050000,5.050000,0
2020-09-10,4.940000,5.100000,4.940000,5.100000,5.100000,1000
2020-09-11,5.100000,5.100000,5.100000,5.100000,5.100000,0
2020-09-14,5.200000,5.200000,5.200000,5.200000,5.200000,0
2020-09-15,5.200000,5.200000,5.200000,5.200000,5.200000,0
2020-09-16,5.300000,5.300000,5.300000,5.300000,5.300000,0
2020-09-17,5.400000,5.400000,5.400000,5.400000,5.400000,0
2020-09-18,null,null,null,null,null,null
2020-09-21,5.450000,5.450000,5.450000,5.450000,5.450000,0
2020-09-22,5.500000,5.500000,5.500000,5.500000,5.500000,0
2020-09-23,5.600000,5.600000,5.600000,5.600000,5.600000,0
2020-09-24,5.350000,5.350000,5.350000,5.350000,5.350000,0
2020-09-25,5.350000,5.350000,5.350000,5.350000,5.350000,0
2020-09-28,5.600000,5.600000,5.600000,5.600000,5.600000,0
2020-09-29,5.700000,5.800000,5.700000,5.800000,5.800000,150
2020-09-30,5.700000,5.750000,5.700000,5.750000,5.750000,1250
2020-10-01,5.600000,5.850000,5.600000,5.750000,5.750000,1105
2020-10-02,5.650000,5.800000,5.650000,5.800000,5.800000,240
2020-10-05,5.800000,5.950000,5.800000,5.950000,5.950000,280
2020-10-06,5.700000,5.700000,5.700000,5.700000,5.700000,0
2020-10-07,5.950000,5.950000,5.950000,5.950000,5.950000,0
2020-10-08,6.050000,6.150000,6.050000,6.150000,6.150000,100
2020-10-09,6.100000,6.100000,6.100000,6.100000,6.100000,0
2020-10-12,6.200000,6.350000,6.200000,6.350000,6.350000,150
2020-10-13,6.200000,6.200000,6.200000,6.200000,6.200000,0
2020-10-14,6.300000,6.450000,6.300000,6.450000,6.450000,175
2020-10-15,6.250000,6.250000,6.250000,6.250000,6.250000,1500
2020-10-16,6.100000,6.100000,6.100000,6.100000,6.100000,0
2020-10-19,6.150000,6.250000,6.150000,6.200000,6.200000,2050
2020-10-20,6.150000,6.150000,6.150000,6.150000,6.150000,0
2020-10-21,6.150000,6.150000,6.150000,6.150000,6.150000,120
2020-10-22,5.900000,5.900000,5.900000,5.900000,5.900000,0
2020-10-23,5.750000,5.750000,5.750000,5.750000,5.750000,500
2020-10-26,5.550000,5.550000,5.550000,5.550000,5.550000,0
2020-10-27,5.800000,5.950000,5.800000,5.950000,5.950000,16
2020-10-28,6.000000,6.000000,6.000000,6.000000,6.000000,0
2020-10-29,6.000000,6.000000,6.000000,6.000000,6.000000,0
2020-10-30,5.900000,5.900000,5.900000,5.900000,5.900000,0
2020-11-02,5.250000,5.250000,5.250000,5.250000,5.250000,0
2020-11-03,5.200000,5.200000,5.200000,5.200000,5.200000,0
2020-11-04,5.200000,5.200000,5.200000,5.200000,5.200000,0
2020-11-05,5.300000,5.400000,5.300000,5.400000,5.400000,300
2020-11-06,5.250000,5.250000,5.250000,5.250000,5.250000,0
2020-11-09,5.350000,5.350000,5.350000,5.350000,5.350000,0
2020-11-10,4.860000,5.050000,4.860000,5.050000,5.050000,1000
2020-11-11,4.860000,4.860000,4.860000,4.860000,4.860000,0
2020-11-12,4.820000,4.820000,4.820000,4.820000,4.820000,0
2020-11-13,4.860000,4.860000,4.860000,4.860000,4.860000,0
2020-11-16,4.660000,4.780000,4.660000,4.780000,4.780000,490
2020-11-17,4.600000,4.740000,4.600000,4.740000,4.740000,2200
2020-11-18,4.700000,4.700000,4.700000,4.700000,4.700000,0
2020-11-19,4.920000,5.150000,4.920000,5.150000,5.150000,10000
2020-11-20,4.860000,4.860000,4.860000,4.860000,4.860000,0